job_id,skill_id
1,1
1,2
1,3
1,4
1,5
1,6
2,4
2,7
2,8
2,9
3,10
3,6
3,11
3,3
3,8
3,5
4,4
4,12
4,9
4,13
4,14
4,15
5,16
5,17
5,8
5,18
6,5
6,16
6,4
6,10
7,19
7,20
7,4
7,5
8,16
8,8
8,20
9,9
9,13
9,5
9,11
10,16
10,2
10,21
11,17
11,10
11,2
12,16
12,2
12,17
12,4
13,12
13,18
13,19
13,6
14,16
14,10
14,1
14,18
14,13
14,6
15,9
15,7
15,1
15,6
16,18
16,4
16,2
17,10
17,15
17,12
18,16
18,10
18,18
18,20
18,22
19,14
19,11
19,22
19,7
19,2
19,18
20,15
20,7
20,22
20,14
21,12
21,22
21,15
21,8
21,17
21,11
22,13
22,1
22,7
22,12
22,10
22,15
23,7
23,6
23,4
23,10
23,18
24,3
24,7
24,18
24,20
24,12
25,19
25,2
25,10
26,3
26,2
26,6
26,22
26,19
26,15
27,11
27,20
27,6
27,18
27,22
27,19
28,15
28,19
28,9
29,20
29,18
29,9
29,19
29,4
29,17
30,4
30,8
30,11
31,17
31,16
31,21
32,18
32,4
32,12
32,16
32,11
33,17
33,3
33,14
33,6
33,7
34,10
34,17
34,8
34,5
34,22
35,5
35,12
35,16
36,3
36,13
36,15
37,16
37,8
37,19
38,8
38,18
38,21
39,3
39,22
39,14
39,6
40,22
40,3
40,5
40,7
40,17
40,4
41,1
41,14
41,16
41,8
41,17
42,15
42,22
42,7
42,10
43,1
43,8
43,19
43,2
43,13
44,18
44,20
44,21
44,16
44,8
45,18
45,9
45,7
45,13
45,6
46,13
46,14
46,5
47,4
47,3
47,20
47,11
48,5
48,21
48,22
49,21
49,13
49,3
49,22
49,15
50,22
50,7
50,12
50,9
50,8
50,14
51,21
51,17
51,3
51,14
51,4
52,11
52,17
52,4
52,18
52,16
52,15
53,17
53,9
53,19
53,6
53,7
53,4
54,15
54,8
54,19
54,3
55,17
55,16
55,6
55,11
55,15
55,3
56,22
56,13
56,20
56,16
56,8
56,7
57,14
57,16
57,11
58,16
58,14
58,17
58,11
58,6
58,15
59,6
59,12
59,16
59,20
59,9
60,21
60,12
60,8
60,18
60,20
60,22
61,22
61,16
61,5
62,19
62,6
62,4
62,18
62,22
62,20
63,18
63,17
63,4
64,2
64,13
64,19
65,11
65,9
65,22
65,10
66,12
66,2
66,1
66,11
66,10
66,20
67,13
67,6
67,8
68,1
68,19
68,11
68,5
68,12
68,4
69,22
69,14
69,1
69,7
69,10
70,13
70,3
70,20
71,20
71,4
71,1
72,8
72,6
72,13
72,4
72,1
72,21
73,11
73,16
73,21
74,12
74,10
74,7
74,18
75,10
75,1
75,15
75,12
75,3
76,15
76,19
76,20
77,6
77,18
77,3
78,9
78,20
78,6
78,2
79,2
79,20
79,1
79,13
80,14
80,21
80,20
80,22
81,2
81,19
81,9
81,21
82,15
82,12
82,5
82,18
82,13
82,21
83,20
83,11
83,12
83,16
84,10
84,18
84,19
84,4
85,6
85,8
85,20
85,7
85,12
85,4
86,13
86,6
86,3
86,7
86,14
87,12
87,22
87,1
88,6
88,4
88,13
89,20
89,19
89,22
89,7
90,19
90,8
90,12
90,6
91,21
91,22
91,6
91,13
91,4
91,19
92,5
92,13
92,17
93,16
93,21
93,9
93,7
94,6
94,3
94,7
94,20
94,4
95,18
95,19
95,6
95,7
95,5
96,3
96,10
96,4
96,16
96,9
97,9
97,15
97,6
97,14
97,10
97,19
98,19
98,8
98,22
98,4
98,6
99,17
99,1
99,16
99,12
99,9
100,17
100,22
100,10
100,14
101,9
101,10
101,18
101,8
102,18
102,13
102,11
102,4
102,20
103,19
103,9
103,1
103,10
104,22
104,5
104,4
105,6
105,21
105,1
105,14
105,11
106,7
106,9
106,5
106,13
106,11
106,21
107,17
107,5
107,8
108,22
108,6
108,2
108,8
108,17
108,14
109,14
109,18
109,20
109,7
110,11
110,10
110,16
110,7
111,8
111,20
111,1
111,22
111,16
112,5
112,11
112,2
112,21
112,7
112,6
113,19
113,6
113,15
114,4
114,9
114,5
114,19
114,15
115,14
115,19
115,5
115,15
115,12
115,6
116,1
116,13
116,16
116,17
117,1
117,4
117,17
117,21
117,18
117,16
118,21
118,15
118,18
119,19
119,22
119,9
119,10
119,17
119,4
120,3
120,5
120,1
120,19
120,9
120,17
121,8
121,16
121,19
122,5
122,17
122,11
122,8
122,4
122,1
123,11
123,21
123,3
123,14
123,20
124,18
124,22
124,8
124,6
124,12
124,2
125,17
125,7
125,21
126,8
126,14
126,22
127,1
127,7
127,4
127,17
127,16
127,9
128,1
128,3
128,6
128,7
128,11
129,17
129,9
129,10
129,4
130,10
130,1
130,4
130,11
130,17
131,14
131,18
131,19
131,2
131,4
131,13
132,17
132,9
132,21
132,7
133,22
133,7
133,4
134,7
134,2
134,21
134,22
134,6
134,13
135,12
135,10
135,21
135,1
135,16
135,15
136,16
136,7
136,5
136,4
136,19
137,1
137,10
137,15
137,12
138,14
138,5
138,15
138,22
139,11
139,18
139,12
139,4
139,20
139,9
140,8
140,14
140,9
140,3
140,13
140,12
141,14
141,9
141,1
141,13
141,5
141,20
142,12
142,3
142,1
142,13
142,14
142,17
143,10
143,13
143,22
143,4
143,9
144,1
144,21
144,5
144,13
145,4
145,3
145,19
145,5
146,13
146,17
146,18
146,4
146,2
147,6
147,19
147,9
147,11
148,22
148,20
148,5
148,7
149,3
149,14
149,8
150,7
150,19
150,17
150,8
151,1
151,14
151,11
151,21
151,7
152,19
152,17
152,3
153,21
153,6
153,14
154,7
154,10
154,13
155,20
155,5
155,11
155,2
155,3
156,3
156,22
156,21
156,17
157,19
157,13
157,18
157,16
157,20
157,2
158,20
158,17
158,18
158,11
158,12
158,8
159,15
159,1
159,17
159,21
159,19
159,5
160,22
160,20
160,13
160,16
160,10
161,6
161,11
161,22
161,7
161,20
162,10
162,16
162,13
163,1
163,4
163,14
163,22
163,8
164,15
164,17
164,1
164,6
165,17
165,5
165,1
165,14
166,18
166,2
166,13
167,13
167,21
167,14
167,2
168,6
168,2
168,18
168,5
168,15
169,22
169,16
169,8
169,14
169,11
170,6
170,14
170,3
171,7
171,19
171,17
172,20
172,11
172,18
172,6
172,16
173,21
173,7
173,2
173,20
173,15
174,1
174,10
174,19
174,12
174,11
175,1
175,3
175,12
175,10
175,21
176,22
176,11
176,6
176,13
176,1
177,16
177,11
177,19
177,15
177,18
178,22
178,10
178,1
178,9
179,13
179,15
179,18
179,4
180,22
180,21
180,11
180,7
180,5
180,9
181,2
181,8
181,4
181,14
182,4
182,13
182,18
182,19
183,19
183,1
183,20
183,13
183,15
184,3
184,19
184,5
184,10
185,19
185,10
185,11
185,21
185,22
186,1
186,15
186,10
186,12
186,6
187,16
187,7
187,9
188,4
188,8
188,17
188,5
188,14
188,1
189,3
189,8
189,2
189,10
189,14
190,6
190,5
190,13
190,10
191,1
191,15
191,22
191,7
192,9
192,7
192,3
193,11
193,19
193,18
193,8
194,10
194,3
194,4
195,9
195,2
195,6
196,21
196,8
196,1
197,20
197,12
197,21
197,2
197,15
198,13
198,19
198,8
199,11
199,4
199,17
199,15
199,18
200,1
200,14
200,13
201,12
201,4
201,7
201,13
202,1
202,16
202,11
202,14
203,22
203,5
203,6
203,12
203,9
203,8
204,10
204,20
204,11
204,7
204,6
205,9
205,14
205,15
205,21
205,6
205,10
206,19
206,22
206,3
207,21
207,19
207,14
207,2
207,1
207,7
208,8
208,10
208,15
209,1
209,2
209,11
209,12
209,15
210,22
210,11
210,8
210,12
210,18
211,19
211,9
211,14
211,21
211,8
212,13
212,20
212,3
212,19
213,17
213,11
213,16
213,21
214,17
214,7
214,3
214,22
215,4
215,22
215,3
215,8
215,16
215,14
216,11
216,1
216,13
216,6
216,18
216,17
217,14
217,19
217,20
217,9
217,11
217,13
218,18
218,15
218,12
219,19
219,1
219,16
219,11
219,4
220,22
220,5
220,10
220,7
220,20
221,3
221,2
221,11
221,19
221,14
221,18
222,9
222,10
222,11
222,2
222,6
222,15
223,9
223,14
223,15
223,3
223,22
223,1
224,12
224,1
224,22
224,10
224,7
225,22
225,11
225,15
226,1
226,12
226,14
226,8
226,10
227,11
227,12
227,2
228,22
228,18
228,17
228,2
228,21
228,16
229,10
229,13
229,18
229,11
229,20
230,8
230,17
230,4
230,1
231,1
231,9
231,18
232,4
232,17
232,12
233,10
233,5
233,21
233,14
234,20
234,16
234,17
234,3
234,19
235,8
235,19
235,10
236,3
236,16
236,2
236,4
236,11
237,16
237,18
237,3
237,15
237,8
237,20
238,4
238,18
238,9
238,17
238,21
239,6
239,10
239,13
239,18
239,22
240,9
240,17
240,19
240,1
240,5
241,22
241,11
241,8
241,20
241,1
241,7
242,17
242,8
242,6
242,5
242,20
243,16
243,17
243,9
243,7
243,8
243,18
244,7
244,3
244,16
245,20
245,4
245,6
245,22
246,20
246,12
246,7
246,15
247,15
247,9
247,21
248,10
248,18
248,6
248,11
249,1
249,10
249,3
249,9
249,6
250,6
250,21
250,17
250,16
250,9
251,22
251,12
251,20
251,17
251,2
251,8
252,6
252,10
252,9
252,15
252,21
253,15
253,17
253,3
254,9
254,5
254,12
254,2
255,11
255,13
255,2
256,17
256,16
256,8
256,19
256,4
257,22
257,12
257,1
258,16
258,6
258,18
258,12
258,5
258,15
259,2
259,10
259,18
259,7
259,20
260,14
260,22
260,5
260,1
260,20
261,11
261,20
261,7
261,21
262,6
262,9
262,4
263,6
263,17
263,21
263,8
263,12
263,5
264,16
264,7
264,2
264,15
264,6
264,17
265,16
265,5
265,7
265,11
266,19
266,3
266,13
266,18
266,22
266,4
267,4
267,16
267,5
267,19
268,6
268,10
268,9
268,18
268,5
268,12
269,10
269,4
269,15
270,8
270,20
270,2
270,12
271,13
271,16
271,21
271,4
272,14
272,6
272,10
273,11
273,18
273,19
274,15
274,14
274,11
275,7
275,22
275,8
275,9
276,2
276,4
276,16
276,8
277,10
277,17
277,13
278,12
278,4
278,3
278,9
278,20
279,14
279,8
279,16
280,2
280,10
280,21
280,3
280,17
281,11
281,21
281,1
282,6
282,1
282,12
282,13
283,20
283,16
283,3
283,4
283,6
283,17
284,17
284,10
284,16
285,11
285,3
285,7
286,7
286,15
286,18
286,3
286,14
287,9
287,12
287,15
287,10
288,19
288,9
288,15
288,20
289,3
289,21
289,18
290,19
290,14
290,15
290,11
290,4
291,16
291,1
291,14
291,3
291,9
291,7
292,13
292,18
292,1
292,16
293,6
293,13
293,9
293,1
293,21
294,14
294,10
294,3
295,3
295,20
295,4
295,14
296,8
296,21
296,14
296,2
296,5
296,1
297,16
297,18
297,6
297,7
297,10
297,20
298,6
298,9
298,4
298,3
299,1
299,10
299,7
299,11
299,12
299,5
300,12
300,19
300,21
300,17
300,16
301,17
301,6
301,14
301,8
301,16
301,12
302,2
302,21
302,11
302,7
302,5
302,18
303,9
303,21
303,3
303,22
303,5
304,18
304,6
304,19
304,1
305,11
305,8
305,18
305,15
305,13
306,3
306,14
306,19
306,4
307,11
307,14
307,17
307,15
307,6
308,17
308,11
308,18
308,7
308,10
309,2
309,8
309,14
309,6
309,21
309,3
310,9
310,4
310,16
310,21
310,5
311,6
311,17
311,3
311,5
311,16
312,5
312,16
312,7
313,8
313,20
313,14
313,2
313,6
313,13
314,6
314,4
314,9
314,11
314,2
315,13
315,18
315,17
315,11
315,16
315,6
316,15
316,10
316,11
316,4
317,1
317,15
317,10
317,20
317,21
318,4
318,15
318,21
318,22
318,11
319,17
319,19
319,2
319,4
320,20
320,1
320,17
320,14
320,8
321,18
321,11
321,1
321,4
321,9
322,11
322,15
322,7
323,16
323,17
323,5
323,10
324,9
324,16
324,1
324,13
325,9
325,6
325,4
325,14
326,10
326,4
326,19
326,2
326,12
327,6
327,11
327,13
327,5
328,2
328,18
328,4
328,12
329,11
329,3
329,17
330,9
330,6
330,21
330,8
331,14
331,22
331,15
331,1
331,4
331,13
332,12
332,14
332,10
333,20
333,3
333,12
333,9
333,21
334,11
334,3
334,15
334,2
334,20
334,17
335,4
335,15
335,21
335,3
336,10
336,17
336,12
336,5
336,1
337,5
337,22
337,19
337,11
337,18
337,7
338,12
338,16
338,10
338,9
338,15
338,1
339,17
339,6
339,22
339,10
340,16
340,3
340,15
340,22
340,20
340,9
341,22
341,15
341,4
342,16
342,3
342,13
342,20
342,5
343,22
343,4
343,15
343,9
344,2
344,19
344,1
344,13
345,21
345,17
345,3
345,2
346,1
346,5
346,14
346,19
346,17
347,10
347,22
347,17
348,21
348,22
348,19
348,17
348,14
349,8
349,10
349,22
349,6
349,1
350,6
350,1
350,12
350,10
350,5
351,8
351,9
351,22
351,6
352,6
352,22
352,11
352,19
353,19
353,3
353,16
354,13
354,5
354,15
354,10
354,4
355,12
355,13
355,22
355,9
355,7
355,21
356,16
356,22
356,2
356,8
356,1
357,20
357,6
357,7
358,22
358,10
358,21
358,14
358,18
359,19
359,22
359,4
359,6
359,16
359,8
360,2
360,7
360,1
361,22
361,17
361,21
361,6
362,18
362,15
362,13
363,9
363,7
363,14
363,21
363,19
364,18
364,5
364,16
364,1
365,13
365,2
365,6
365,22
365,14
366,7
366,6
366,19
367,20
367,21
367,4
367,10
368,4
368,8
368,5
368,18
369,2
369,10
369,3
369,13
369,18
369,14
370,15
370,19
370,3
370,7
371,10
371,17
371,21
371,7
371,20
372,7
372,22
372,18
372,9
372,10
373,20
373,3
373,2
373,10
374,12
374,1
374,7
374,5
374,21
374,18
375,20
375,7
375,14
376,15
376,19
376,3
376,5
376,22
377,18
377,10
377,7
378,6
378,21
378,3
379,16
379,7
379,17
380,22
380,6
380,11
380,10
380,7
381,2
381,18
381,5
381,16
381,10
381,7
382,17
382,16
382,22
382,8
382,5
383,13
383,4
383,17
383,22
383,16
384,8
384,7
384,14
385,8
385,12
385,7
385,5
385,20
385,2
386,12
386,16
386,4
386,6
386,22
387,12
387,7
387,22
387,11
387,14
387,3
388,13
388,9
388,4
388,7
388,2
388,21
389,17
389,3
389,14
389,8
390,22
390,5
390,21
390,7
390,10
391,6
391,1
391,15
392,6
392,1
392,15
393,20
393,3
393,5
394,11
394,3
394,9
394,15
394,5
395,3
395,11
395,13
395,19
396,2
396,4
396,21
396,3
396,18
396,20
397,13
397,9
397,22
398,3
398,10
398,13
399,8
399,5
399,3
400,12
400,5
400,2
400,15
400,19
400,22
401,2
401,9
401,1
401,6
402,9
402,17
402,4
402,21
403,6
403,14
403,18
403,15
404,12
404,3
404,20
405,13
405,9
405,14
406,14
406,5
406,11
406,4
406,19
407,6
407,1
407,16
408,2
408,5
408,3
409,5
409,8
409,15
409,14
410,7
410,8
410,14
410,11
410,19
411,16
411,4
411,20
411,22
412,6
412,11
412,9
412,1
413,3
413,22
413,4
414,18
414,3
414,2
414,10
414,4
415,13
415,19
415,10
415,21
415,6
416,17
416,19
416,8
417,8
417,15
417,21
417,20
418,2
418,17
418,1
418,9
418,18
418,15
419,19
419,13
419,7
419,12
420,17
420,15
420,1
420,2
421,21
421,17
421,19
421,6
422,9
422,12
422,3
422,21
423,6
423,7
423,15
423,4
424,13
424,10
424,20
424,14
425,16
425,6
425,18
425,13
425,20
426,1
426,10
426,21
427,21
427,22
427,5
427,20
427,17
427,9
428,21
428,5
428,2
428,18
429,10
429,17
429,2
429,20
429,21
429,15
430,6
430,15
430,4
430,8
431,3
431,7
431,2
431,12
432,6
432,12
432,10
432,2
433,13
433,19
433,14
433,15
433,11
433,9
434,6
434,1
434,12
434,11
435,17
435,3
435,15
435,18
435,7
436,2
436,14
436,11
436,9
436,17
436,22
437,21
437,7
437,10
438,15
438,10
438,2
438,11
439,4
439,16
439,11
439,20
439,18
439,9
440,22
440,18
440,5
441,1
441,13
441,15
441,4
442,8
442,18
442,17
442,14
442,10
442,15
443,9
443,18
443,17
444,16
444,18
444,8
444,11
445,6
445,4
445,9
445,1
445,16
445,7
446,19
446,3
446,17
446,22
446,2
447,13
447,21
447,9
447,20
448,10
448,7
448,22
448,6
449,9
449,11
449,17
449,3
449,14
449,18
450,18
450,8
450,21
451,21
451,3
451,6
451,18
451,13
451,14
452,16
452,13
452,10
452,7
452,2
453,21
453,14
453,11
454,15
454,21
454,12
454,18
454,8
454,20
455,12
455,2
455,1
455,13
456,20
456,8
456,3
456,12
456,21
457,19
457,14
457,1
457,22
457,18
458,7
458,17
458,21
458,4
459,13
459,14
459,4
459,20
460,15
460,8
460,18
460,17
460,9
461,18
461,9
461,3
461,8
461,15
461,16
462,22
462,18
462,21
463,22
463,15
463,5
464,2
464,16
464,21
464,14
464,12
465,18
465,22
465,8
465,9
465,2
466,3
466,2
466,15
466,1
467,10
467,12
467,8
468,10
468,11
468,5
468,20
468,14
469,19
469,3
469,15
469,13
470,21
470,19
470,7
471,12
471,9
471,18
471,8
471,13
471,19
472,1
472,14
472,16
473,3
473,2
473,6
473,15
473,12
474,17
474,13
474,7
475,5
475,3
475,20
476,14
476,16
476,15
477,6
477,13
477,8
477,21
477,15
478,17
478,13
478,15
478,10
478,11
478,21
479,8
479,15
479,17
480,22
480,7
480,4
481,14
481,7
481,5
481,4
481,11
482,8
482,18
482,11
482,12
482,17
482,20
483,16
483,22
483,5
483,7
483,3
483,17
484,17
484,12
484,4
484,20
484,3
484,9
485,21
485,22
485,2
485,1
485,7
485,16
486,19
486,11
486,15
486,21
486,5
487,18
487,12
487,3
487,2
487,21
488,2
488,5
488,1
489,2
489,1
489,4
490,3
490,18
490,5
490,20
491,15
491,6
491,14
492,10
492,7
492,12
493,7
493,14
493,1
493,11
493,22
494,17
494,1
494,19
494,14
494,20
494,11
495,11
495,20
495,10
495,5
496,6
496,7
496,15
497,14
497,7
497,10
497,19
498,20
498,8
498,3
498,11
498,14
499,12
499,8
499,19
499,10
499,22
499,6
500,7
500,8
500,17
500,12
501,10
501,21
501,1
501,9
502,21
502,1
502,9
502,3
502,11
503,6
503,17
503,7
503,3
503,13
504,3
504,11
504,2
504,21
504,9
504,6
505,5
505,10
505,3
506,19
506,20
506,13
506,14
506,17
507,11
507,21
507,12
508,4
508,18
508,21
509,19
509,11
509,2
509,13
509,14
509,18
510,10
510,19
510,21
510,13
511,5
511,4
511,20
511,14
511,16
511,22
512,21
512,15
512,6
512,9
512,22
513,19
513,18
513,4
513,5
514,11
514,9
514,21
514,14
515,15
515,2
515,4
515,3
515,5
516,16
516,18
516,14
516,21
516,15
516,22
517,19
517,9
517,16
517,21
517,11
518,3
518,9
518,2
519,1
519,17
519,3
519,21
519,20
519,16
520,15
520,21
520,14
521,8
521,1
521,4
522,10
522,20
522,17
522,4
522,13
523,6
523,16
523,3
523,20
523,2
524,18
524,5
524,4
525,8
525,19
525,16
525,20
526,8
526,17
526,9
526,5
527,7
527,22
527,14
527,6
527,12
528,12
528,7
528,11
529,13
529,5
529,2
529,16
529,6
529,22
530,16
530,22
530,3
530,18
530,15
531,5
531,2
531,17
531,9
532,17
532,6
532,12
532,18
533,19
533,3
533,8
533,6
534,17
534,19
534,18
534,20
535,18
535,11
535,3
535,5
536,21
536,13
536,17
536,4
536,16
536,12
537,4
537,11
537,5
538,6
538,21
538,17
539,15
539,1
539,4
540,19
540,10
540,8
541,15
541,4
541,22
542,9
542,13
542,19
542,17
543,18
543,15
543,11
543,22
543,16
544,9
544,6
544,18
544,3
544,22
545,5
545,9
545,6
545,12
545,16
546,16
546,9
546,7
547,2
547,18
547,9
547,16
548,2
548,13
548,12
549,6
549,16
549,14
549,13
549,19
550,22
550,12
550,15
551,12
551,18
551,20
551,19
551,1
551,4
552,6
552,11
552,21
553,10
553,2
553,19
554,7
554,15
554,2
555,19
555,14
555,6
556,10
556,14
556,8
556,19
557,10
557,11
557,19
558,16
558,20
558,22
558,3
558,8
558,7
559,4
559,14
559,7
559,11
559,18
560,13
560,19
560,14
560,15
560,17
561,16
561,11
561,9
561,3
561,8
562,1
562,16
562,13
563,21
563,20
563,1
563,5
564,18
564,20
564,9
564,4
565,19
565,9
565,15
565,4
566,16
566,21
566,11
566,2
567,18
567,17
567,6
567,22
568,2
568,9
568,14
569,17
569,19
569,3
569,5
569,12
570,3
570,20
570,7
570,1
570,14
570,8
571,13
571,21
571,11
572,21
572,6
572,3
572,18
572,9
573,17
573,1
573,15
573,13
573,2
574,8
574,13
574,10
574,14
574,2
575,20
575,13
575,6
576,13
576,8
576,2
577,22
577,14
577,21
577,17
577,7
577,9
578,22
578,9
578,7
579,9
579,5
579,18
580,14
580,22
580,10
580,19
580,5
581,9
581,15
581,14
581,3
582,18
582,19
582,9
583,22
583,19
583,5
583,12
584,7
584,14
584,4
585,19
585,13
585,9
585,21
586,18
586,11
586,1
587,15
587,4
587,8
587,13
588,6
588,8
588,4
588,1
588,16
588,3
589,22
589,4
589,15
589,19
589,17
590,12
590,2
590,11
590,7
590,10
591,17
591,14
591,1
591,10
591,21
591,20
592,20
592,22
592,13
592,16
592,10
592,15
593,18
593,10
593,7
593,19
593,17
593,8
594,9
594,10
594,21
594,22
595,15
595,7
595,21
596,11
596,16
596,22
596,8
597,13
597,2
597,7
597,15
597,8
597,16
598,20
598,2
598,9
598,7
598,11
599,21
599,22
599,3
600,12
600,18
600,3
600,8
601,13
601,14
601,18
601,20
601,15
602,19
602,21
602,5
602,15
603,12
603,5
603,17
603,14
603,21
603,13
604,19
604,3
604,18
604,7
604,11
604,10
605,5
605,22
605,11
605,19
606,12
606,6
606,4
607,6
607,14
607,22
607,20
607,8
607,10
608,19
608,14
608,15
608,9
608,22
608,21
609,9
609,15
609,13
610,20
610,12
610,1
610,19
610,5
611,18
611,20
611,10
612,16
612,2
612,9
612,5
612,6
613,8
613,5
613,4
614,12
614,19
614,5
615,1
615,9
615,2
616,2
616,19
616,10
616,20
617,4
617,13
617,10
617,6
618,11
618,10
618,9
618,3
619,14
619,17
619,20
619,15
619,3
619,19
620,5
620,17
620,13
621,15
621,9
621,21
621,18
621,19
622,8
622,16
622,11
622,3
622,4
623,8
623,1
623,19
623,22
623,4
624,9
624,7
624,15
624,19
624,6
624,8
625,13
625,9
625,20
625,14
626,22
626,1
626,13
626,7
626,2
626,16
627,17
627,4
627,10
627,19
627,8
627,16
628,5
628,8
628,21
628,17
628,2
629,22
629,15
629,12
629,21
629,19
630,3
630,6
630,10
630,12
630,9
630,1
631,14
631,9
631,6
631,15
632,9
632,18
632,13
632,2
633,16
633,22
633,11
633,1
633,18
633,13
634,22
634,21
634,19
634,11
634,12
634,8
635,10
635,3
635,11
635,15
635,19
635,5
636,9
636,14
636,10
636,21
637,17
637,6
637,19
637,16
637,14
638,22
638,10
638,6
638,15
638,21
638,1
639,5
639,6
639,16
640,14
640,12
640,10
641,17
641,21
641,15
641,11
642,14
642,11
642,20
642,2
642,21
642,16
643,16
643,20
643,18
643,21
644,7
644,21
644,6
644,22
644,13
644,10
645,15
645,14
645,19
645,10
646,19
646,6
646,10
646,13
647,13
647,19
647,14
648,13
648,15
648,11
648,7
649,18
649,4
649,16
649,8
650,2
650,13
650,7
651,17
651,12
651,11
651,6
651,7
651,4
652,7
652,12
652,16
653,15
653,18
653,16
653,17
654,13
654,21
654,12
654,22
654,10
654,14
655,19
655,17
655,7
655,3
655,10
655,1
656,12
656,22
656,9
657,4
657,3
657,15
657,6
657,16
657,1
658,18
658,6
658,12
658,7
659,2
659,21
659,8
659,20
659,12
659,17
660,9
660,1
660,21
660,15
661,11
661,3
661,15
661,4
661,14
661,16
662,16
662,8
662,5
662,18
662,15
663,16
663,7
663,5
663,2
663,21
664,17
664,18
664,15
665,11
665,4
665,19
665,14
665,13
665,12
666,3
666,16
666,4
666,21
667,4
667,5
667,14
667,6
667,16
667,9
668,7
668,15
668,5
669,6
669,12
669,11
669,2
669,7
670,13
670,11
670,7
670,5
671,11
671,3
671,16
671,15
671,1
672,15
672,10
672,14
672,20
672,12
673,14
673,2
673,21
673,6
673,8
673,22
674,7
674,1
674,22
674,11
674,12
675,8
675,20
675,6
675,9
675,22
676,5
676,16
676,1
676,11
676,15
676,9
677,19
677,10
677,2
677,22
677,20
678,20
678,5
678,10
678,17
678,7
678,14
679,21
679,12
679,14
679,5
680,11
680,13
680,12
680,1
680,10
681,4
681,12
681,13
681,7
681,16
681,20
682,16
682,14
682,20
682,1
683,6
683,17
683,10
684,17
684,3
684,21
684,4
684,11
685,16
685,7
685,2
686,18
686,5
686,11
687,13
687,14
687,1
687,20
687,5
687,16
688,8
688,1
688,16
688,9
688,19
689,2
689,20
689,7
690,12
690,5
690,9
690,10
690,21
691,2
691,12
691,3
691,14
691,11
692,13
692,3
692,5
692,14
692,12
692,11
693,18
693,20
693,13
693,21
693,9
693,6
694,3
694,12
694,19
694,21
694,22
695,6
695,16
695,21
696,22
696,21
696,17
697,9
697,21
697,17
697,19
697,16
698,10
698,12
698,16
699,11
699,20
699,17
699,4
699,2
699,5
700,1
700,3
700,15
700,20
700,19
700,17
701,7
701,16
701,11
701,1
702,1
702,9
702,16
703,1
703,14
703,2
703,4
703,10
704,20
704,17
704,6
704,11
704,21
705,8
705,16
705,5
705,17
705,6
705,10
706,18
706,10
706,2
707,6
707,2
707,3
708,7
708,1
708,20
708,13
708,22
708,11
709,22
709,9
709,7
710,18
710,20
710,22
710,9
710,16
711,15
711,3
711,20
711,5
711,18
712,3
712,4
712,12
712,11
713,3
713,10
713,4
714,11
714,2
714,8
714,13
715,15
715,12
715,17
716,12
716,9
716,6
716,10
716,16
717,14
717,20
717,17
717,18
717,1
717,4
718,14
718,18
718,5
718,22
718,17
719,5
719,15
719,2
719,3
719,18
719,16
720,3
720,5
720,17
720,1
720,20
721,21
721,10
721,12
721,20
721,8
721,5
722,12
722,9
722,20
722,18
722,16
723,15
723,7
723,9
723,21
723,11
723,3
724,4
724,21
724,3
724,19
725,21
725,5
725,19
726,6
726,18
726,15
726,17
726,1
726,3
727,17
727,4
727,15
727,20
727,19
727,6
728,11
728,3
728,7
728,21
728,20
729,9
729,11
729,22
730,2
730,1
730,13
730,5
731,16
731,18
731,21
732,14
732,10
732,7
732,6
732,17
732,2
733,9
733,21
733,1
734,1
734,8
734,20
734,22
734,5
735,3
735,14
735,20
735,4
736,16
736,22
736,12
736,15
736,18
736,8
737,19
737,15
737,20
738,3
738,8
738,7
738,16
739,19
739,16
739,10
740,1
740,15
740,2
740,9
740,14
740,8
741,7
741,5
741,20
741,16
742,21
742,12
742,16
742,13
742,22
742,11
743,3
743,22
743,13
743,17
744,6
744,9
744,7
744,12
744,14
744,18
745,16
745,1
745,12
745,9
746,21
746,18
746,15
747,5
747,8
747,1
747,19
747,11
748,18
748,8
748,11
748,13
748,14
748,1
749,12
749,17
749,8
749,15
749,14
750,9
750,5
750,11
750,13
750,7
751,15
751,11
751,18
751,12
751,3
751,14
752,1
752,11
752,3
752,19
752,9
752,15
753,22
753,15
753,1
754,11
754,10
754,4
754,21
755,21
755,13
755,18
756,4
756,13
756,22
756,21
757,21
757,7
757,16
757,12
757,9
758,5
758,17
758,18
758,21
758,8
759,13
759,18
759,1
760,16
760,3
760,21
761,19
761,13
761,8
761,21
761,16
762,8
762,7
762,20
762,10
762,21
763,16
763,11
763,6
763,13
763,5
764,3
764,16
764,7
764,17
765,10
765,14
765,7
765,18
765,6
765,1
766,3
766,18
766,10
766,15
766,17
766,2
767,9
767,7
767,5
767,21
768,10
768,22
768,9
768,8
769,3
769,14
769,8
770,16
770,1
770,15
770,21
771,16
771,9
771,14
771,10
772,17
772,20
772,1
773,2
773,22
773,8
773,10
773,16
773,4
774,8
774,14
774,19
775,14
775,5
775,2
775,9
775,12
775,1
776,15
776,11
776,19
777,4
777,2
777,9
777,13
777,19
777,7
778,18
778,13
778,17
778,1
779,1
779,13
779,10
779,7
779,21
780,1
780,19
780,9
781,10
781,17
781,18
781,4
781,15
782,10
782,4
782,8
783,21
783,2
783,19
783,14
783,9
783,22
784,1
784,6
784,3
785,21
785,10
785,8
785,20
785,7
785,12
786,13
786,18
786,16
786,2
786,19
787,16
787,9
787,1
787,11
788,22
788,12
788,16
788,3
788,9
789,13
789,20
789,9
790,1
790,10
790,21
790,5
790,2
790,15
791,18
791,3
791,7
791,10
792,10
792,9
792,5
793,19
793,12
793,7
793,16
793,8
793,21
794,1
794,12
794,20
794,14
794,22
795,14
795,16
795,1
795,20
795,21
795,17
796,4
796,1
796,2
796,12
796,13
797,21
797,15
797,19
798,1
798,21
798,7
799,2
799,20
799,21
800,8
800,21
800,7
801,20
801,12
801,13
801,14
801,17
801,5
802,2
802,12
802,10
803,5
803,12
803,7
803,13
804,17
804,15
804,7
804,1
805,1
805,2
805,6
805,5
805,14
806,15
806,9
806,20
807,8
807,5
807,2
807,19
807,22
807,15
808,21
808,2
808,19
808,12
808,7
809,3
809,11
809,5
809,19
809,14
809,22
810,17
810,2
810,10
811,3
811,17
811,15
811,16
812,16
812,12
812,18
812,15
813,13
813,11
813,19
814,8
814,6
814,16
814,17
815,17
815,12
815,9
815,7
815,13
816,20
816,21
816,8
816,9
817,9
817,1
817,16
818,8
818,22
818,2
818,17
819,10
819,8
819,16
820,16
820,5
820,2
820,18
820,7
820,19
821,22
821,10
821,2
822,15
822,9
822,1
823,1
823,16
823,2
823,19
823,8
824,1
824,20
824,12
825,10
825,22
825,17
825,20
825,7
826,4
826,21
826,16
826,7
827,13
827,1
827,12
828,5
828,7
828,1
828,11
829,2
829,1
829,22
830,6
830,1
830,16
830,20
831,6
831,1
831,2
831,9
831,15
832,13
832,3
832,4
832,1
832,8
832,20
833,17
833,4
833,9
834,9
834,13
834,14
834,18
835,11
835,7
835,5
835,21
835,12
836,19
836,16
836,11
836,3
837,5
837,20
837,3
838,8
838,18
838,15
838,19
838,11
838,13
839,10
839,11
839,18
840,22
840,18
840,20
840,17
840,2
840,8
841,18
841,4
841,13
841,21
841,16
842,19
842,17
842,3
842,2
842,8
842,15
843,12
843,10
843,2
843,21
843,5
843,20
844,8
844,20
844,13
844,16
844,19
845,10
845,19
845,15
845,14
845,18
845,4
846,16
846,14
846,3
846,5
846,1
846,2
847,5
847,1
847,18
848,1
848,11
848,14
848,17
848,15
849,13
849,3
849,14
849,22
849,15
850,12
850,6
850,22
850,8
850,14
850,2
851,17
851,8
851,21
852,1
852,16
852,21
853,8
853,1
853,17
854,17
854,9
854,10
855,17
855,20
855,4
855,2
855,22
855,14
856,8
856,7
856,20
857,20
857,4
857,5
857,21
857,1
858,2
858,6
858,15
858,11
858,3
858,4
859,16
859,21
859,8
859,22
859,13
859,4
860,7
860,12
860,11
860,6
860,3
861,19
861,5
861,1
862,12
862,16
862,1
862,9
862,21
863,8
863,12
863,20
863,4
863,22
863,15
864,1
864,19
864,3
864,12
864,14
865,1
865,15
865,14
865,21
866,6
866,10
866,20
867,1
867,6
867,13
867,19
868,16
868,14
868,8
868,7
869,11
869,1
869,9
869,10
870,15
870,8
870,12
870,6
871,9
871,5
871,7
871,1
871,14
872,14
872,8
872,5
872,1
872,7
872,11
873,22
873,10
873,19
873,3
873,4
874,22
874,4
874,15
875,17
875,10
875,14
875,8
875,16
876,7
876,16
876,12
877,13
877,15
877,17
877,19
877,21
877,16
878,21
878,2
878,13
879,11
879,20
879,4
879,17
879,1
879,6
880,20
880,13
880,22
880,11
881,6
881,18
881,9
881,13
882,1
882,9
882,7
882,14
883,11
883,13
883,5
883,14
883,20
884,17
884,8
884,2
884,4
884,5
885,10
885,1
885,20
885,6
885,18
885,3
886,16
886,15
886,18
887,1
887,3
887,12
887,15
887,11
888,16
888,17
888,5
888,6
888,9
888,1
889,1
889,18
889,19
890,11
890,5
890,18
891,19
891,6
891,9
891,13
891,18
891,22
892,6
892,13
892,18
892,14
892,17
893,16
893,15
893,1
893,8
894,1
894,3
894,16
894,19
894,4
895,8
895,14
895,3
895,4
896,14
896,20
896,1
897,6
897,3
897,8
897,2
897,22
897,21
898,21
898,6
898,8
898,17
899,13
899,2
899,8
899,20
900,19
900,10
900,7
900,16
900,12
901,11
901,6
901,17
901,8
902,18
902,8
902,10
902,4
902,22
903,20
903,22
903,5
903,6
903,18
903,14
904,3
904,21
904,6
904,12
904,8
904,5
905,20
905,15
905,21
905,18
905,3
906,10
906,7
906,5
907,13
907,22
907,3
907,9
908,7
908,13
908,3
909,21
909,7
909,9
909,18
909,3
909,10
910,5
910,9
910,15
910,16
910,11
910,3
911,5
911,7
911,1
912,13
912,16
912,18
913,14
913,16
913,17
913,4
914,20
914,10
914,1
914,4
914,7
915,1
915,17
915,14
915,19
915,13
915,10
916,20
916,13
916,10
917,21
917,9
917,17
917,15
918,13
918,17
918,8
918,6
918,11
919,8
919,9
919,6
919,12
919,17
919,19
920,13
920,22
920,10
921,14
921,13
921,6
921,12
921,19
921,7
922,3
922,12
922,7
922,10
922,15
922,1
923,4
923,17
923,16
923,3
924,11
924,22
924,5
924,13
925,2
925,21
925,9
925,6
926,16
926,4
926,5
927,10
927,9
927,4
927,14
927,20
927,6
928,14
928,6
928,15
928,12
928,19
928,2
929,1
929,4
929,6
929,22
929,9
930,17
930,12
930,13
930,14
930,19
930,5
931,18
931,9
931,2
931,12
931,6
932,13
932,14
932,2
932,18
932,6
933,11
933,14
933,2
934,10
934,9
934,17
935,3
935,7
935,11
935,9
935,20
936,21
936,6
936,16
936,5
937,11
937,15
937,10
937,21
938,1
938,13
938,6
938,2
938,20
939,10
939,3
939,1
939,21
940,1
940,21
940,17
940,10
940,7
940,12
941,7
941,3
941,2
941,1
941,14
942,22
942,11
942,2
942,15
943,19
943,2
943,3
943,21
943,9
943,22
944,6
944,21
944,2
944,22
944,12
945,12
945,22
945,13
945,11
945,9
945,21
946,7
946,3
946,5
946,12
947,15
947,10
947,22
947,8
947,6
948,3
948,17
948,11
948,14
948,15
948,2
949,15
949,7
949,12
949,16
950,11
950,19
950,20
950,22
950,1
950,16
951,2
951,18
951,10
951,7
952,2
952,11
952,18
952,13
952,9
953,11
953,14
953,3
953,21
953,5
954,15
954,18
954,20
955,2
955,22
955,10
955,3
955,15
955,9
956,18
956,20
956,8
956,4
956,12
957,6
957,4
957,8
958,9
958,6
958,18
959,14
959,21
959,16
959,8
959,5
960,16
960,21
960,20
960,4
961,20
961,11
961,8
962,20
962,16
962,14
962,3
962,13
963,20
963,2
963,9
963,18
963,17
964,1
964,9
964,8
964,15
964,16
965,5
965,2
965,7
965,1
965,8
966,21
966,22
966,11
966,20
966,2
966,15
967,5
967,22
967,6
967,2
967,21
967,14
968,15
968,19
968,18
968,16
968,11
969,13
969,19
969,15
969,12
969,1
970,10
970,16
970,7
970,13
970,14
970,11
971,14
971,18
971,10
971,16
971,12
972,3
972,21
972,14
972,12
972,5
973,20
973,17
973,9
973,7
973,3
973,2
974,11
974,2
974,16
974,8
975,22
975,5
975,2
976,16
976,15
976,2
976,19
976,22
976,6
977,6
977,19
977,21
977,14
978,13
978,16
978,21
979,5
979,21
979,20
979,11
980,17
980,22
980,16
980,19
981,16
981,20
981,14
981,15
982,18
982,5
982,17
983,2
983,21
983,7
984,6
984,7
984,9
984,19
984,1
984,2
985,2
985,11
985,20
986,5
986,3
986,6
986,13
986,9
987,3
987,10
987,13
987,19
987,11
987,9
988,4
988,21
988,11
988,12
988,20
989,21
989,1
989,11
989,13
989,14
990,8
990,7
990,4
990,17
990,22
990,15
991,5
991,10
991,6
991,21
991,14
991,2
992,6
992,5
992,17
992,9
993,11
993,16
993,17
993,8
993,2
993,22
994,19
994,17
994,14
994,7
994,1
994,15
995,12
995,9
995,10
995,4
995,14
995,13
996,21
996,18
996,4
997,14
997,1
997,16
997,7
998,4
998,1
998,6
999,2
999,8
999,9
999,1
999,21
999,22
1000,10
1000,1
1000,2
1000,6
1000,9
1001,20
1001,5
1001,18
1001,6
1001,16
1001,7
1002,3
1002,9
1002,16
1003,17
1003,9
1003,22
1003,4
1003,6
1003,11
1004,18
1004,13
1004,20
1004,3
1004,21
1005,2
1005,5
1005,11
1005,13
1005,10
1006,9
1006,3
1006,14
1007,22
1007,9
1007,18
1007,3
1008,14
1008,7
1008,5
1008,20
1008,6
1008,1
1009,3
1009,2
1009,17
1009,12
1009,7
1009,8
1010,21
1010,16
1010,4
1010,11
1010,15
1010,9
1011,6
1011,11
1011,14
1011,19
1012,1
1012,5
1012,15
1012,2
1012,13
1012,14
1013,10
1013,9
1013,3
1013,12
1013,13
1014,17
1014,6
1014,3
1014,13
1014,4
1014,18
1015,8
1015,10
1015,9
1015,7
1015,4
1016,2
1016,15
1016,12
1017,22
1017,8
1017,19
1017,21
1018,17
1018,10
1018,6
1018,19
1018,4
1018,2
1019,15
1019,17
1019,9
1019,2
1020,13
1020,8
1020,2
1020,3
1021,7
1021,8
1021,20
1022,13
1022,14
1022,15
1023,13
1023,14
1023,17
1023,18
1023,9
1024,12
1024,2
1024,10
1024,9
1024,8
1025,14
1025,8
1025,7
1025,18
1025,22
1026,22
1026,9
1026,5
1026,18
1026,15
1027,11
1027,22
1027,5
1027,13
1028,10
1028,7
1028,2
1029,19
1029,5
1029,4
1029,9
1029,3
1030,2
1030,6
1030,22
1031,2
1031,4
1031,18
1031,10
1032,15
1032,20
1032,17
1032,19
1032,7
1032,6
1033,17
1033,6
1033,2
1033,22
1034,7
1034,6
1034,2
1035,2
1035,19
1035,9
1035,16
1035,13
1035,11
1036,6
1036,7
1036,5
1036,17
1036,10
1036,12
1037,20
1037,9
1037,13
1038,15
1038,11
1038,22
1038,1
1038,2
1039,15
1039,1
1039,8
1039,5
1039,19
1039,6
1040,14
1040,4
1040,21
1040,7
1041,16
1041,2
1041,1
1041,14
1041,10
1042,21
1042,8
1042,4
1043,2
1043,21
1043,3
1043,16
1043,6
1044,14
1044,19
1044,10
1044,4
1044,17
1044,22
1045,5
1045,8
1045,13
1045,15
1046,8
1046,16
1046,14
1046,10
1046,21
1046,6
1047,10
1047,2
1047,11
1047,12
1047,9
1047,1
1048,16
1048,12
1048,5
1048,8
1048,3
1049,7
1049,21
1049,19
1049,11
1049,4
1050,13
1050,5
1050,15
1050,8
1051,4
1051,22
1051,15
1051,2
1051,16
1051,11
1052,1
1052,16
1052,13
1052,17
1053,8
1053,2
1053,19
1054,20
1054,1
1054,12
1055,9
1055,8
1055,7
1055,22
1055,14
1056,7
1056,8
1056,22
1056,5
1056,6
1056,3
1057,16
1057,5
1057,4
1057,3
1058,12
1058,1
1058,16
1058,17
1058,21
1059,12
1059,8
1059,20
1059,3
1059,10
1059,6
1060,22
1060,8
1060,2
1060,21
1061,21
1061,9
1061,20
1061,2
1061,11
1062,19
1062,1
1062,13
1062,16
1063,8
1063,19
1063,7
1063,6
1063,21
1064,2
1064,16
1064,11
1064,8
1064,6
1064,9
1065,16
1065,18
1065,7
1065,20
1065,21
1065,12
1066,12
1066,5
1066,2
1067,3
1067,7
1067,14
1067,2
1068,4
1068,9
1068,17
1068,22
1068,21
1068,13
1069,15
1069,13
1069,10
1069,22
1069,11
1069,7
1070,14
1070,16
1070,12
1070,17
1071,14
1071,8
1071,4
1071,20
1071,6
1072,6
1072,14
1072,9
1072,16
1072,2
1072,11
1073,7
1073,9
1073,19
1073,3
1073,11
1073,17
1074,15
1074,20
1074,17
1074,5
1074,18
1075,13
1075,17
1075,16
1076,22
1076,4
1076,17
1076,21
1076,10
1076,8
1077,8
1077,16
1077,20
1077,1
1077,6
1078,5
1078,8
1078,17
1078,14
1078,19
1079,20
1079,14
1079,2
1079,13
1079,6
1080,19
1080,14
1080,10
1080,12
1080,15
1081,19
1081,10
1081,13
1081,5
1081,3
1081,17
1082,14
1082,16
1082,17
1082,22
1082,7
1082,20
1083,19
1083,16
1083,6
1083,5
1083,12
1083,3
1084,5
1084,11
1084,7
1084,14
1084,3
1085,14
1085,16
1085,8
1085,4
1086,17
1086,21
1086,10
1086,1
1086,9
1086,4
1087,20
1087,9
1087,5
1088,7
1088,8
1088,11
1088,10
1088,19
1088,5
1089,11
1089,20
1089,3
1089,12
1089,5
1089,9
1090,6
1090,16
1090,14
1090,21
1091,11
1091,17
1091,12
1091,13
1092,7
1092,16
1092,6
1092,10
1092,11
1092,22
1093,10
1093,8
1093,9
1094,7
1094,1
1094,17
1095,12
1095,2
1095,20
1095,14
1095,4
1095,1
1096,3
1096,19
1096,6
1096,11
1096,13
1097,5
1097,4
1097,7
1097,15
1097,14
1097,9
1098,11
1098,15
1098,18
1098,8
1098,10
1098,20
1099,17
1099,11
1099,12
1099,2
1099,18
1100,1
1100,18
1100,7
1100,20
1101,6
1101,12
1101,15
1101,4
1101,5
1101,20
1102,22
1102,15
1102,19
1102,12
1102,8
1103,15
1103,19
1103,2
1104,13
1104,11
1104,3
1104,6
1105,18
1105,5
1105,6
1106,22
1106,19
1106,9
1106,14
1107,18
1107,11
1107,8
1108,15
1108,7
1108,2
1109,2
1109,18
1109,7
1109,10
1109,14
1109,3
1110,4
1110,9
1110,6
1110,14
1110,19
1111,9
1111,16
1111,20
1111,13
1111,4
1111,21
1112,6
1112,8
1112,4
1113,20
1113,10
1113,4
1114,12
1114,17
1114,9
1115,17
1115,11
1115,12
1116,12
1116,7
1116,22
1116,21
1117,15
1117,12
1117,8
1117,5
1117,10
1117,21
1118,13
1118,2
1118,20
1119,2
1119,16
1119,22
1119,18
1120,12
1120,21
1120,6
1120,14
1120,2
1121,4
1121,13
1121,10
1121,20
1122,17
1122,6
1122,4
1122,15
1122,18
1122,3
1123,17
1123,9
1123,15
1123,16
1123,8
1124,14
1124,5
1124,11
1125,22
1125,15
1125,13
1125,12
1126,12
1126,18
1126,20
1127,7
1127,6
1127,22
1128,20
1128,5
1128,12
1129,20
1129,9
1129,3
1129,16
1130,2
1130,13
1130,16
1130,9
1130,19
1130,20
1131,12
1131,19
1131,15
1131,16
1132,13
1132,9
1132,21
1132,7
1133,10
1133,20
1133,14
1134,8
1134,14
1134,22
1134,1
1134,2
1135,9
1135,8
1135,22
1135,19
1135,2
1136,1
1136,22
1136,13
1136,5
1136,19
1137,11
1137,19
1137,6
1138,4
1138,13
1138,18
1138,8
1138,11
1138,10
1139,7
1139,8
1139,1
1139,19
1139,20
1140,13
1140,7
1140,16
1140,20
1141,14
1141,20
1141,10
1141,6
1141,11
1142,7
1142,18
1142,8
1142,5
1142,12
1142,19
1143,8
1143,13
1143,18
1143,15
1144,21
1144,1
1144,5
1144,22
1144,6
1145,12
1145,18
1145,16
1145,5
1145,21
1145,6
1146,6
1146,11
1146,10
1146,3
1146,16
1147,11
1147,10
1147,18
1147,5
1147,17
1148,22
1148,10
1148,8
1148,14
1149,1
1149,15
1149,16
1149,4
1149,20
1149,13
1150,12
1150,16
1150,21
1150,3
1151,9
1151,12
1151,22
1151,18
1151,16
1152,9
1152,4
1152,1
1153,10
1153,14
1153,20
1153,8
1153,11
1154,16
1154,2
1154,21
1154,8
1155,3
1155,15
1155,19
1155,5
1155,7
1155,12
1156,20
1156,13
1156,2
1157,13
1157,5
1157,17
1158,10
1158,3
1158,8
1158,21
1159,5
1159,9
1159,14
1159,11
1159,20
1159,3
1160,5
1160,9
1160,19
1161,8
1161,9
1161,7
1161,13
1161,16
1162,19
1162,15
1162,2
1162,11
1163,14
1163,21
1163,7
1163,10
1164,15
1164,8
1164,7
1164,17
1164,14
1164,22
1165,9
1165,1
1165,21
1165,8
1166,22
1166,8
1166,21
1167,16
1167,4
1167,3
1167,12
1167,5
1168,13
1168,8
1168,1
1168,15
1168,22
1169,4
1169,2
1169,21
1170,8
1170,7
1170,2
1170,16
1171,21
1171,10
1171,8
1171,3
1172,4
1172,21
1172,11
1172,7
1173,9
1173,14
1173,5
1173,8
1173,11
1173,1
1174,10
1174,17
1174,4
1174,15
1174,5
1175,8
1175,4
1175,2
1175,10
1175,9
1176,1
1176,5
1176,8
1176,7
1176,3
1177,16
1177,5
1177,12
1177,1
1177,18
1178,10
1178,13
1178,16
1178,12
1179,12
1179,7
1179,17
1179,16
1180,7
1180,9
1180,10
1180,11
1180,20
1181,13
1181,19
1181,16
1181,12
1181,6
1182,14
1182,2
1182,11
1182,19
1182,21
1183,2
1183,17
1183,15
1183,10
1183,22
1183,20
1184,17
1184,1
1184,5
1185,14
1185,20
1185,8
1185,17
1185,16
1186,21
1186,2
1186,12
1186,22
1186,13
1187,22
1187,11
1187,18
1187,19
1187,12
1187,15
1188,21
1188,2
1188,8
1188,1
1188,19
1189,4
1189,5
1189,1
1189,20
1189,16
1189,14
1190,14
1190,1
1190,13
1190,4
1190,6
1191,7
1191,22
1191,13
1191,4
1192,3
1192,22
1192,9
1192,4
1193,13
1193,22
1193,14
1193,21
1194,17
1194,19
1194,22
1194,5
1195,13
1195,9
1195,4
1195,10
1195,12
1196,6
1196,16
1196,4
1196,9
1196,3
1196,18
1197,12
1197,14
1197,1
1197,8
1198,21
1198,19
1198,2
1199,2
1199,20
1199,12
1199,11
1199,18
1199,19
1200,21
1200,4
1200,1
1200,12
1200,18
1201,8
1201,14
1201,21
1202,18
1202,9
1202,8
1203,1
1203,21
1203,9
1203,7
1204,12
1204,9
1204,17
1204,16
1205,4
1205,16
1205,20
1206,6
1206,12
1206,1
1206,20
1207,8
1207,9
1207,20
1208,10
1208,17
1208,12
1208,2
1209,18
1209,20
1209,9
1209,8
1209,21
1210,5
1210,13
1210,4
1210,1
1210,9
1211,6
1211,21
1211,18
1211,8
1211,11
1211,2
1212,8
1212,15
1212,14
1213,14
1213,12
1213,18
1213,11
1213,21
1213,10
1214,21
1214,10
1214,7
1215,20
1215,7
1215,18
1215,10
1215,6
1216,6
1216,5
1216,12
1217,21
1217,22
1217,4
1217,16
1218,22
1218,5
1218,4
1219,15
1219,17
1219,11
1219,14
1219,1
1219,5
1220,8
1220,6
1220,7
1220,5
1220,13
1220,4
1221,1
1221,15
1221,7
1221,10
1221,11
1221,3
1222,22
1222,17
1222,21
1223,17
1223,22
1223,21
1223,16
1223,8
1223,13
1224,14
1224,5
1224,17
1224,8
1224,9
1224,19
1225,11
1225,3
1225,13
1226,18
1226,13
1226,15
1226,19
1226,8
1226,21
1227,8
1227,4
1227,5
1228,18
1228,15
1228,21
1229,21
1229,18
1229,7
1229,3
1230,6
1230,19
1230,10
1230,15
1230,21
1231,16
1231,9
1231,22
1231,1
1231,2
1231,12
1232,20
1232,19
1232,12
1232,11
1233,4
1233,10
1233,17
1233,18
1234,15
1234,1
1234,18
1234,21
1235,3
1235,11
1235,20
1235,8
1235,22
1235,21
1236,5
1236,12
1236,15
1236,9
1237,1
1237,12
1237,19
1238,19
1238,16
1238,4
1238,21
1238,15
1239,13
1239,5
1239,1
1240,22
1240,9
1240,19
1240,17
1240,1
1240,4
1241,20
1241,9
1241,22
1241,4
1241,15
1242,3
1242,18
1242,5
1242,17
1242,21
1242,14
1243,11
1243,13
1243,20
1244,14
1244,5
1244,3
1244,17
1244,21
1245,11
1245,17
1245,15
1245,4
1245,21
1245,3
1246,14
1246,21
1246,15
1247,1
1247,16
1247,5
1247,7
1247,14
1248,3
1248,17
1248,15
1248,8
1248,2
1248,16
1249,8
1249,16
1249,20
1249,4
1250,20
1250,17
1250,21
1250,7
1250,12
1251,1
1251,9
1251,8
1251,5
1251,6
1252,8
1252,22
1252,16
1252,2
1253,1
1253,7
1253,21
1253,9
1253,18
1253,3
1254,15
1254,16
1254,1
1254,7
1254,11
1254,21
1255,8
1255,10
1255,17
1256,17
1256,6
1256,20
1257,13
1257,8
1257,18
1258,21
1258,16
1258,1
1258,2
1258,10
1258,22
1259,18
1259,9
1259,4
1259,20
1260,14
1260,4
1260,21
1260,6
1260,22
1260,11
1261,13
1261,6
1261,15
1262,21
1262,8
1262,2
1262,14
1262,3
1262,19
1263,4
1263,2
1263,1
1263,10
1263,20
1263,18
1264,6
1264,11
1264,1
1264,5
1264,20
1265,20
1265,21
1265,19
1265,15
1265,11
1265,8
1266,17
1266,5
1266,4
1266,10
1266,1
1267,15
1267,1
1267,3
1268,1
1268,9
1268,13
1268,10
1268,21
1268,15
1269,10
1269,13
1269,22
1269,7
1269,8
1269,21
1270,4
1270,15
1270,22
1271,17
1271,1
1271,2
1271,4
1271,11
1271,9
1272,13
1272,5
1272,1
1272,19
1272,15
1273,6
1273,20
1273,22
1273,2
1273,3
1274,8
1274,10
1274,17
1274,21
1274,1
1274,2
1275,14
1275,1
1275,21
1275,18
1275,7
1275,22
1276,14
1276,20
1276,12
1276,5
1276,18
1277,2
1277,21
1277,20
1277,16
1277,5
1278,21
1278,18
1278,10
1278,5
1278,3
1279,6
1279,4
1279,13
1280,15
1280,6
1280,21
1281,16
1281,15
1281,9
1282,3
1282,7
1282,21
1282,6
1282,17
1283,2
1283,18
1283,7
1283,3
1284,2
1284,21
1284,9
1284,17
1284,19
1284,3
1285,9
1285,2
1285,6
1285,22
1286,2
1286,21
1286,18
1286,8
1286,12
1286,13
1287,15
1287,4
1287,13
1287,20
1288,13
1288,12
1288,22
1289,1
1289,8
1289,20
1289,19
1290,16
1290,4
1290,14
1290,20
1290,13
1291,16
1291,9
1291,8
1291,15
1291,11
1292,9
1292,5
1292,22
1292,18
1292,2
1292,7
1293,3
1293,19
1293,14
1293,2
1293,6
1293,7
1294,4
1294,3
1294,19
1295,13
1295,22
1295,19
1296,1
1296,3
1296,16
1297,4
1297,3
1297,2
1297,20
1297,6
1297,10
1298,7
1298,9
1298,4
1299,1
1299,3
1299,8
1299,21
1300,2
1300,9
1300,11
1300,8
1300,12
1301,6
1301,13
1301,19
1301,14
1301,15
1301,21
1302,14
1302,22
1302,9
1302,21
1303,18
1303,13
1303,20
1303,14
1304,3
1304,12
1304,20
1304,9
1304,1
1305,7
1305,13
1305,1
1305,5
1305,20
1305,11
1306,16
1306,11
1306,15
1306,6
1306,3
1306,22
1307,21
1307,5
1307,22
1307,6
1307,9
1307,15
1308,1
1308,17
1308,2
1309,16
1309,8
1309,14
1309,4
1309,5
1310,3
1310,16
1310,13
1310,4
1311,4
1311,7
1311,5
1311,8
1311,2
1312,8
1312,3
1312,17
1312,2
1312,12
1312,18
1313,16
1313,13
1313,6
1313,8
1313,11
1313,17
1314,12
1314,11
1314,18
1314,17
1314,3
1315,8
1315,11
1315,2
1315,12
1316,9
1316,6
1316,11
1316,20
1316,19
1316,8
1317,8
1317,1
1317,5
1318,20
1318,5
1318,12
1318,18
1318,3
1319,18
1319,10
1319,3
1320,2
1320,12
1320,21
1321,11
1321,13
1321,15
1322,20
1322,16
1322,11
1322,10
1322,17
1322,13
1323,4
1323,21
1323,22
1323,8
1323,18
1323,16
1324,16
1324,5
1324,15
1325,22
1325,1
1325,5
1326,12
1326,15
1326,13
1326,17
1327,18
1327,14
1327,15
1328,7
1328,1
1328,22
1328,11
1328,8
1328,17
1329,11
1329,10
1329,17
1329,4
1330,5
1330,18
1330,1
1330,22
1330,16
1330,17
1331,15
1331,4
1331,16
1331,18
1332,11
1332,9
1332,4
1333,11
1333,21
1333,14
1333,1
1334,1
1334,20
1334,10
1335,15
1335,16
1335,6
1335,9
1335,21
1335,1
1336,7
1336,18
1336,11
1337,6
1337,7
1337,1
1338,3
1338,21
1338,6
1338,1
1338,2
1339,19
1339,9
1339,15
1339,2
1340,11
1340,18
1340,12
1340,22
1341,8
1341,6
1341,1
1341,21
1341,17
1341,2
1342,4
1342,17
1342,9
1343,6
1343,10
1343,16
1343,2
1343,18
1343,9
1344,12
1344,4
1344,6
1344,5
1345,19
1345,17
1345,1
1345,15
1345,4
1345,3
1346,17
1346,12
1346,20
1346,19
1346,5
1346,1
1347,17
1347,21
1347,16
1347,7
1347,3
1348,21
1348,20
1348,5
1348,9
1349,14
1349,6
1349,17
1350,2
1350,16
1350,13
1350,21
1350,6
1350,15
1351,16
1351,6
1351,22
1351,15
1352,5
1352,18
1352,10
1353,11
1353,8
1353,14
1354,20
1354,6
1354,22
1354,2
1354,17
1354,8
1355,15
1355,6
1355,22
1356,11
1356,4
1356,16
1356,20
1356,5
1356,14
1357,11
1357,5
1357,18
1357,15
1357,4
1358,12
1358,14
1358,8
1359,8
1359,4
1359,21
1359,13
1359,15
1359,22
1360,12
1360,13
1360,1
1360,11
1360,10
1361,17
1361,4
1361,9
1361,19
1361,6
1362,3
1362,19
1362,20
1363,14
1363,15
1363,6
1364,14
1364,3
1364,4
1365,22
1365,21
1365,11
1365,3
1365,1
1366,6
1366,14
1366,19
1367,20
1367,9
1367,8
1367,3
1368,9
1368,3
1368,22
1368,6
1368,21
1369,22
1369,12
1369,1
1370,3
1370,9
1370,21
1370,11
1370,1
1371,3
1371,16
1371,4
1371,10
1372,1
1372,16
1372,13
1372,3
1372,14
1372,22
1373,11
1373,21
1373,16
1374,16
1374,10
1374,1
1375,14
1375,10
1375,2
1375,6
1375,19
1376,19
1376,10
1376,11
1376,2
1377,14
1377,1
1377,7
1377,4
1378,11
1378,15
1378,10
1378,19
1378,14
1379,5
1379,18
1379,19
1380,18
1380,3
1380,8
1380,6
1381,7
1381,10
1381,20
1381,19
1381,4
1381,3
1382,17
1382,13
1382,6
1383,14
1383,13
1383,19
1383,3
1383,15
1384,7
1384,9
1384,15
1384,2
1384,21
1384,11
1385,1
1385,10
1385,20
1385,17
1385,21
1385,6
1386,5
1386,18
1386,17
1387,2
1387,12
1387,4
1388,14
1388,22
1388,21
1388,8
1389,14
1389,11
1389,2
1389,1
1390,3
1390,2
1390,9
1391,18
1391,6
1391,2
1391,20
1392,22
1392,2
1392,21
1392,7
1393,2
1393,21
1393,15
1393,8
1393,6
1394,17
1394,13
1394,14
1394,21
1394,2
1394,1
1395,1
1395,16
1395,4
1395,7
1395,15
1395,21
1396,12
1396,21
1396,17
1397,16
1397,4
1397,3
1397,6
1398,18
1398,3
1398,14
1398,10
1399,2
1399,10
1399,5
1399,11
1399,9
1400,22
1400,19
1400,4
1400,15
1400,9
1401,17
1401,14
1401,8
1401,7
1401,19
1401,5
1402,16
1402,20
1402,6
1403,13
1403,10
1403,11
1404,7
1404,4
1404,22
1404,21
1405,12
1405,11
1405,7
1406,1
1406,19
1406,8
1407,9
1407,11
1407,2
1407,12
1407,6
1408,12
1408,15
1408,19
1408,4
1408,2
1408,13
1409,21
1409,16
1409,13
1410,8
1410,20
1410,12
1411,4
1411,19
1411,16
1411,12
1412,10
1412,12
1412,22
1412,13
1413,8
1413,12
1413,15
1413,4
1413,1
1414,16
1414,22
1414,18
1414,13
1414,10
1415,2
1415,6
1415,14
1416,16
1416,22
1416,18
1416,20
1416,1
1417,15
1417,13
1417,22
1417,12
1418,18
1418,16
1418,17
1418,6
1418,21
1418,5
1419,2
1419,9
1419,14
1420,8
1420,5
1420,16
1420,7
1420,15
1421,4
1421,16
1421,19
1421,20
1421,5
1421,12
1422,9
1422,5
1422,11
1422,2
1422,21
1422,10
1423,7
1423,8
1423,12
1423,3
1423,18
1423,14
1424,18
1424,22
1424,21
1424,12
1424,19
1424,14
1425,13
1425,7
1425,6
1425,16
1425,5
1425,22
1426,10
1426,19
1426,2
1426,8
1426,9
1426,1
1427,4
1427,12
1427,1
1427,6
1428,21
1428,12
1428,9
1429,21
1429,3
1429,12
1430,18
1430,8
1430,14
1430,4
1430,12
1430,9
1431,7
1431,4
1431,15
1431,11
1432,13
1432,3
1432,21
1432,5
1433,10
1433,14
1433,8
1433,9
1434,19
1434,20
1434,11
1434,10
1434,17
1434,22
1435,22
1435,16
1435,4
1435,18
1435,6
1436,19
1436,17
1436,18
1436,20
1436,21
1437,7
1437,21
1437,3
1437,19
1437,15
1437,1
1438,19
1438,21
1438,22
1439,10
1439,17
1439,5
1440,10
1440,18
1440,4
1440,12
1441,9
1441,21
1441,18
1442,22
1442,1
1442,21
1442,20
1442,8
1443,18
1443,4
1443,5
1443,21
1443,1
1444,22
1444,18
1444,11
1444,1
1444,8
1445,10
1445,21
1445,2
1446,20
1446,14
1446,21
1446,1
1447,4
1447,5
1447,13
1447,19
1447,7
1447,16
1448,18
1448,16
1448,4
1448,7
1448,8
1448,3
1449,9
1449,10
1449,22
1449,19
1450,18
1450,21
1450,12
1450,17
1450,14
1451,12
1451,16
1451,9
1452,1
1452,19
1452,3
1453,2
1453,21
1453,16
1453,11
1454,16
1454,15
1454,6
1455,16
1455,15
1455,10
1455,11
1455,20
1455,21
1456,13
1456,8
1456,18
1456,14
1456,7
1457,16
1457,22
1457,19
1458,10
1458,9
1458,1
1458,5
1458,6
1458,13
1459,5
1459,20
1459,21
1459,10
1460,2
1460,10
1460,18
1460,12
1460,11
1461,18
1461,21
1461,10
1462,6
1462,4
1462,10
1463,10
1463,7
1463,5
1463,9
1463,22
1464,19
1464,11
1464,7
1464,1
1464,22
1465,9
1465,10
1465,12
1465,2
1465,8
1465,19
1466,5
1466,12
1466,6
1467,1
1467,19
1467,8
1467,7
1467,18
1468,5
1468,21
1468,18
1469,16
1469,13
1469,14
1469,7
1469,18
1469,22
1470,22
1470,5
1470,1
1471,2
1471,17
1471,21
1471,19
1471,13
1472,2
1472,17
1472,10
1472,3
1472,9
1473,9
1473,10
1473,13
1473,18
1473,21
1473,3
1474,18
1474,16
1474,21
1474,15
1474,17
1475,20
1475,3
1475,13
1475,9
1475,11
1475,6
1476,5
1476,22
1476,14
1476,13
1477,19
1477,9
1477,12
1478,15
1478,1
1478,3
1478,9
1479,15
1479,9
1479,7
1480,10
1480,6
1480,5
1481,1
1481,20
1481,9
1482,18
1482,10
1482,19
1482,2
1483,22
1483,7
1483,16
1484,22
1484,21
1484,1
1484,10
1485,3
1485,5
1485,2
1485,21
1485,6
1486,14
1486,15
1486,6
1486,19
1486,10
1487,15
1487,5
1487,22
1487,19
1487,9
1488,2
1488,12
1488,9
1488,17
1488,1
1489,6
1489,17
1489,12
1489,13
1489,8
1489,14
1490,19
1490,18
1490,20
1490,16
1491,9
1491,19
1491,12
1492,10
1492,4
1492,21
1492,11
1492,8
1492,15
1493,11
1493,15
1493,9
1493,10
1493,21
1493,17
1494,2
1494,22
1494,12
1494,14
1495,16
1495,21
1495,18
1495,10
1495,8
1496,18
1496,13
1496,11
1496,14
1496,8
1497,12
1497,4
1497,6
1498,6
1498,2
1498,3
1498,12
1498,17
1499,7
1499,9
1499,14
1499,13
1500,13
1500,14
1500,10
1500,8
1500,18
1500,22
1501,20
1501,13
1501,12
1502,11
1502,18
1502,21
1502,1
1502,3
1503,15
1503,2
1503,13
1503,18
1503,7
1503,20
1504,7
1504,6
1504,22
1504,20
1504,8
1505,5
1505,7
1505,15
1506,20
1506,18
1506,17
1506,16
1506,4
1507,7
1507,16
1507,17
1507,12
1507,3
1507,5
1508,5
1508,12
1508,10
1508,3
1508,4
1508,6
1509,9
1509,13
1509,16
1509,22
1509,17
1510,22
1510,2
1510,13
1510,8
1510,16
1510,4
1511,21
1511,7
1511,2
1511,5
1511,16
1512,17
1512,1
1512,2
1512,11
1512,5
1512,22
1513,22
1513,17
1513,5
1513,6
1514,10
1514,6
1514,11
1514,17
1514,9
1514,7
1515,10
1515,21
1515,7
1515,5
1516,19
1516,9
1516,13
1516,3
1516,18
1517,2
1517,9
1517,20
1518,13
1518,11
1518,5
1518,19
1518,15
1518,12
1519,14
1519,20
1519,2
1519,13
1519,15
1520,9
1520,2
1520,1
1520,21
1520,17
1520,7
1521,17
1521,4
1521,6
1521,11
1521,5
1521,7
1522,5
1522,17
1522,20
1522,13
1522,21
1522,19
1523,19
1523,11
1523,22
1523,9
1523,12
1523,6
1524,13
1524,1
1524,9
1524,11
1524,4
1524,18
1525,4
1525,10
1525,14
1526,6
1526,13
1526,15
1527,20
1527,9
1527,2
1527,4
1527,1
1528,15
1528,20
1528,22
1529,3
1529,18
1529,8
1529,10
1529,15
1529,19
1530,5
1530,20
1530,3
1530,14
1530,16
1530,17
1531,6
1531,2
1531,14
1532,14
1532,16
1532,20
1532,3
1533,3
1533,5
1533,16
1533,20
1534,5
1534,2
1534,14
1535,20
1535,1
1535,4
1536,10
1536,5
1536,19
1536,15
1536,21
1537,11
1537,7
1537,13
1537,18
1538,17
1538,9
1538,7
1539,2
1539,22
1539,18
1539,7
1539,9
1540,14
1540,10
1540,18
1540,20
1541,1
1541,15
1541,9
1542,21
1542,11
1542,12
1542,4
1542,19
1542,20
1543,8
1543,10
1543,13
1544,17
1544,10
1544,18
1544,6
1544,11
1545,16
1545,11
1545,18
1545,6
1546,14
1546,17
1546,6
1547,22
1547,17
1547,9
1547,16
1547,1
1547,3
1548,1
1548,18
1548,17
1548,11
1549,4
1549,9
1549,19
1549,17
1550,20
1550,5
1550,6
1550,2
1551,18
1551,3
1551,22
1551,9
1551,20
1552,7
1552,1
1552,21
1552,17
1553,19
1553,15
1553,21
1553,14
1553,18
1553,5
1554,1
1554,21
1554,2
1554,17
1555,13
1555,17
1555,8
1555,1
1555,21
1555,4
1556,15
1556,6
1556,1
1556,3
1556,16
1557,6
1557,11
1557,9
1557,17
1558,14
1558,11
1558,12
1558,1
1559,5
1559,15
1559,20
1559,11
1559,9
1559,6
1560,21
1560,5
1560,20
1560,16
1561,21
1561,20
1561,14
1561,19
1562,2
1562,12
1562,17
1563,8
1563,18
1563,7
1563,5
1563,1
1563,12
1564,19
1564,21
1564,11
1564,3
1564,22
1564,18
1565,5
1565,8
1565,20
1565,12
1565,4
1566,13
1566,4
1566,18
1567,6
1567,8
1567,5
1567,9
1567,7
1567,2
1568,10
1568,19
1568,14
1568,1
1568,20
1568,12
1569,2
1569,17
1569,10
1569,20
1569,9
1569,14
1570,12
1570,4
1570,3
1570,8
1570,2
1570,18
1571,11
1571,7
1571,16
1572,16
1572,20
1572,8
1572,15
1573,17
1573,1
1573,20
1573,19
1574,13
1574,1
1574,7
1575,15
1575,16
1575,8
1575,10
1575,3
1575,7
1576,5
1576,19
1576,15
1577,5
1577,3
1577,17
1577,2
1577,12
1578,6
1578,9
1578,10
1578,15
1579,2
1579,14
1579,11
1580,14
1580,20
1580,2
1580,4
1580,16
1581,6
1581,9
1581,10
1582,6
1582,16
1582,9
1583,12
1583,9
1583,7
1583,4
1584,17
1584,18
1584,22
1584,12
1584,8
1584,19
1585,21
1585,9
1585,2
1586,9
1586,2
1586,21
1587,2
1587,20
1587,18
1588,14
1588,8
1588,19
1588,13
1588,17
1588,11
1589,15
1589,16
1589,1
1590,14
1590,22
1590,10
1590,12
1591,9
1591,11
1591,18
1591,19
1592,8
1592,6
1592,20
1592,18
1593,18
1593,11
1593,12
1593,2
1594,4
1594,12
1594,5
1594,6
1595,12
1595,8
1595,2
1595,3
1596,14
1596,8
1596,2
1596,17
1596,20
1596,12
1597,8
1597,15
1597,10
1597,20
1597,2
1597,19
1598,5
1598,11
1598,14
1598,8
1598,10
1598,7
1599,17
1599,5
1599,7
1599,14
1599,3
1600,19
1600,14
1600,3
1600,1
1601,3
1601,5
1601,4
1601,13
1601,2
1601,17
1602,11
1602,18
1602,16
1602,4
1603,12
1603,7
1603,4
1603,17
1604,6
1604,4
1604,14
1604,1
1605,2
1605,20
1605,1
1605,17
1606,18
1606,16
1606,8
1606,13
1607,3
1607,13
1607,6
1608,4
1608,1
1608,22
1608,11
1608,6
1608,2
1609,17
1609,5
1609,3
1610,4
1610,10
1610,19
1610,15
1610,9
1610,6
1611,14
1611,5
1611,7
1611,10
1612,4
1612,16
1612,22
1612,19
1613,13
1613,9
1613,2
1613,15
1613,6
1614,3
1614,22
1614,9
1614,18
1615,18
1615,8
1615,13
1615,6
1615,20
1616,6
1616,12
1616,10
1617,15
1617,12
1617,17
1617,16
1617,11
1618,3
1618,8
1618,19
1619,21
1619,5
1619,7
1619,15
1620,8
1620,7
1620,13
1620,4
1620,2
1621,14
1621,22
1621,6
1622,2
1622,8
1622,12
1622,9
1623,2
1623,3
1623,5
1623,15
1623,16
1624,9
1624,16
1624,6
1624,2
1624,13
1625,11
1625,16
1625,22
1625,12
1625,1
1626,3
1626,14
1626,13
1626,9
1626,5
1627,8
1627,11
1627,10
1627,13
1628,14
1628,1
1628,7
1628,11
1628,8
1628,18
1629,17
1629,3
1629,11
1629,12
1629,19
1629,13
1630,13
1630,4
1630,18
1631,3
1631,7
1631,17
1632,18
1632,5
1632,15
1632,4
1633,22
1633,13
1633,6
1633,20
1633,8
1633,4
1634,1
1634,2
1634,5
1634,11
1634,13
1634,4
1635,11
1635,20
1635,3
1635,16
1635,9
1636,21
1636,22
1636,10
1636,20
1636,7
1636,2
1637,3
1637,1
1637,8
1637,6
1638,21
1638,9
1638,16
1638,13
1638,10
1639,18
1639,6
1639,14
1639,4
1639,17
1640,8
1640,9
1640,14
1640,22
1640,4
1641,21
1641,14
1641,20
1642,18
1642,6
1642,21
1642,5
1643,21
1643,17
1643,15
1644,7
1644,11
1644,19
1644,4
1644,22
1645,11
1645,21
1645,14
1645,20
1645,2
1645,13
1646,19
1646,22
1646,20
1647,4
1647,14
1647,19
1647,10
1648,13
1648,15
1648,12
1649,11
1649,12
1649,21
1649,18
1649,19
1649,3
1650,7
1650,8
1650,17
1650,11
1650,13
1650,2
1651,13
1651,17
1651,19
1651,6
1651,15
1651,12
1652,19
1652,22
1652,5
1653,21
1653,22
1653,4
1653,19
1653,5
1653,8
1654,5
1654,10
1654,21
1655,20
1655,4
1655,1
1656,1
1656,2
1656,14
1656,22
1656,3
1656,8
1657,2
1657,5
1657,21
1657,9
1658,3
1658,1
1658,10
1659,2
1659,19
1659,3
1659,17
1660,3
1660,1
1660,22
1661,20
1661,17
1661,5
1661,22
1662,4
1662,5
1662,10
1663,4
1663,7
1663,19
1664,3
1664,16
1664,21
1664,4
1664,22
1665,2
1665,10
1665,4
1665,20
1665,19
1665,6
1666,13
1666,18
1666,4
1666,20
1666,2
1666,16
1667,17
1667,15
1667,22
1667,13
1668,18
1668,8
1668,13
1668,2
1669,3
1669,19
1669,11
1669,12
1669,5
1670,21
1670,12
1670,14
1670,7
1671,20
1671,1
1671,12
1671,17
1671,22
1672,4
1672,11
1672,10
1672,13
1672,21
1673,16
1673,12
1673,10
1673,9
1674,5
1674,10
1674,2
1674,8
1674,11
1674,4
1675,15
1675,12
1675,6
1675,16
1676,19
1676,18
1676,15
1677,21
1677,19
1677,14
1677,22
1677,1
1678,19
1678,3
1678,5
1678,17
1678,11
1678,20
1679,5
1679,8
1679,22
1679,7
1679,14
1680,5
1680,21
1680,10
1681,8
1681,9
1681,16
1682,6
1682,8
1682,9
1682,21
1682,10
1683,3
1683,20
1683,2
1683,22
1684,20
1684,14
1684,18
1685,18
1685,11
1685,7
1685,1
1686,6
1686,17
1686,18
1686,11
1686,1
1687,21
1687,1
1687,7
1687,19
1687,14
1687,9
1688,4
1688,2
1688,9
1688,11
1688,15
1688,5
1689,13
1689,4
1689,11
1689,19
1689,9
1690,5
1690,19
1690,3
1690,16
1690,22
1691,15
1691,13
1691,6
1691,2
1691,9
1691,5
1692,7
1692,10
1692,12
1692,19
1692,22
1692,1
1693,6
1693,12
1693,15
1693,21
1693,2
1694,21
1694,8
1694,14
1694,3
1694,13
1695,13
1695,10
1695,11
1695,9
1696,12
1696,15
1696,7
1696,9
1696,11
1697,17
1697,3
1697,20
1698,17
1698,8
1698,3
1698,19
1698,9
1698,11
1699,14
1699,4
1699,11
1699,19
1699,21
1699,13
1700,20
1700,15
1700,16
1701,21
1701,1
1701,6
1702,2
1702,5
1702,21
1703,11
1703,16
1703,22
1703,8
1704,3
1704,21
1704,8
1704,13
1704,7
1705,20
1705,11
1705,15
1706,22
1706,5
1706,18
1707,16
1707,18
1707,15
1708,1
1708,22
1708,13
1708,12
1708,17
1708,8
1709,8
1709,13
1709,14
1709,1
1709,11
1710,19
1710,12
1710,1
1710,2
1710,5
1711,19
1711,2
1711,7
1712,21
1712,11
1712,13
1712,20
1712,16
1713,11
1713,8
1713,2
1713,3
1713,18
1714,20
1714,7
1714,6
1714,9
1714,16
1715,12
1715,5
1715,13
1715,3
1715,6
1716,12
1716,3
1716,22
1717,19
1717,2
1717,7
1717,20
1717,16
1718,15
1718,12
1718,18
1718,4
1718,19
1718,13
1719,6
1719,1
1719,13
1719,4
1719,22
1720,4
1720,18
1720,13
1721,14
1721,3
1721,12
1721,6
1722,19
1722,4
1722,9
1723,12
1723,9
1723,1
1723,15
1724,6
1724,4
1724,7
1725,2
1725,12
1725,5
1725,14
1725,6
1726,15
1726,18
1726,20
1726,1
1726,17
1726,12
1727,10
1727,21
1727,22
1727,7
1727,1
1727,3
1728,3
1728,4
1728,12
1729,22
1729,18
1729,1
1729,15
1729,3
1729,17
1730,22
1730,18
1730,17
1731,20
1731,5
1731,10
1731,9
1732,9
1732,22
1732,10
1732,19
1732,14
1733,21
1733,13
1733,14
1734,7
1734,18
1734,19
1735,15
1735,19
1735,13
1735,6
1736,17
1736,16
1736,5
1737,2
1737,16
1737,1
1737,3
1737,9
1737,8
1738,9
1738,22
1738,8
1739,15
1739,18
1739,20
1740,22
1740,7
1740,14
1741,20
1741,21
1741,12
1742,4
1742,19
1742,18
1742,9
1742,17
1742,10
1743,13
1743,8
1743,3
1743,16
1744,19
1744,10
1744,3
1744,6
1745,4
1745,20
1745,3
1745,8
1746,17
1746,9
1746,14
1746,8
1747,1
1747,4
1747,8
1747,13
1747,12
1748,10
1748,17
1748,7
1748,6
1748,20
1749,9
1749,15
1749,14
1749,21
1749,1
1749,2
1750,13
1750,22
1750,11
1750,12
1750,4
1750,21
1751,22
1751,13
1751,19
1751,2
1751,21
1751,3
1752,5
1752,17
1752,20
1753,8
1753,20
1753,11
1753,13
1754,8
1754,19
1754,12
1754,10
1754,7
1755,21
1755,3
1755,13
1756,12
1756,21
1756,14
1757,6
1757,16
1757,9
1758,6
1758,3
1758,16
1758,8
1759,5
1759,3
1759,22
1759,21
1760,3
1760,5
1760,2
1760,16
1760,12
1761,6
1761,8
1761,5
1761,14
1762,21
1762,4
1762,20
1762,1
1762,8
1762,13
1763,1
1763,5
1763,20
1763,21
1764,21
1764,3
1764,9
1764,16
1764,4
1764,10
1765,20
1765,17
1765,5
1765,19
1765,15
1765,12
1766,9
1766,6
1766,3
1766,7
1766,11
1767,17
1767,11
1767,16
1767,10
1767,6
1767,18
1768,21
1768,8
1768,1
1768,20
1768,4
1768,18
1769,2
1769,9
1769,14
1769,3
1769,11
1769,12
1770,18
1770,6
1770,5
1770,9
1770,8
1771,1
1771,19
1771,16
1772,18
1772,13
1772,11
1772,12
1773,7
1773,18
1773,5
1773,6
1774,10
1774,19
1774,16
1774,1
1774,13
1774,22
1775,19
1775,5
1775,22
1775,10
1776,5
1776,14
1776,17
1776,11
1777,5
1777,16
1777,3
1778,1
1778,13
1778,6
1779,7
1779,11
1779,10
1779,1
1780,3
1780,2
1780,16
1781,5
1781,16
1781,4
1781,11
1782,5
1782,3
1782,1
1782,6
1782,16
1782,9
1783,19
1783,2
1783,18
1784,11
1784,20
1784,21
1785,13
1785,7
1785,21
1785,2
1785,16
1785,4
1786,11
1786,22
1786,20
1787,11
1787,2
1787,20
1787,4
1788,16
1788,22
1788,5
1788,14
1788,7
1788,12
1789,13
1789,22
1789,11
1790,20
1790,4
1790,6
1790,7
1790,11
1791,20
1791,8
1791,11
1792,2
1792,16
1792,11
1792,9
1792,5
1792,10
1793,15
1793,3
1793,6
1793,9
1793,2
1793,4
1794,6
1794,1
1794,3
1794,18
1794,20
1795,18
1795,1
1795,20
1796,20
1796,6
1796,4
1796,14
1796,2
1796,10
1797,15
1797,2
1797,10
1797,12
1797,4
1798,12
1798,20
1798,1
1798,13
1798,8
1799,22
1799,19
1799,5
1799,10
1800,20
1800,22
1800,14
1800,1
1800,7
1800,11
1801,22
1801,7
1801,3
1801,8
1801,16
1801,5
1802,12
1802,18
1802,21
1803,19
1803,16
1803,6
1803,3
1803,13
1803,5
1804,15
1804,13
1804,18
1805,10
1805,16
1805,4
1805,2
1805,19
1806,5
1806,14
1806,9
1806,20
1806,19
1807,1
1807,12
1807,8
1808,1
1808,12
1808,10
1809,19
1809,16
1809,18
1809,7
1809,20
1810,4
1810,12
1810,22
1811,16
1811,20
1811,12
1811,4
1812,1
1812,10
1812,3
1812,22
1812,4
1812,12
1813,2
1813,10
1813,8
1813,1
1814,7
1814,17
1814,18
1814,2
1815,22
1815,13
1815,14
1815,18
1815,20
1816,7
1816,12
1816,22
1816,6
1817,22
1817,2
1817,15
1817,21
1817,5
1817,19
1818,21
1818,18
1818,13
1819,4
1819,10
1819,6
1820,22
1820,7
1820,9
1821,2
1821,3
1821,4
1822,14
1822,4
1822,17
1822,3
1822,13
1823,4
1823,3
1823,7
1824,20
1824,6
1824,7
1824,14
1825,15
1825,3
1825,8
1825,1
1825,7
1826,9
1826,22
1826,8
1826,2
1826,13
1827,11
1827,14
1827,17
1827,20
1827,8
1828,15
1828,12
1828,17
1828,18
1829,7
1829,11
1829,22
1829,13
1830,5
1830,7
1830,3
1830,6
1830,21
1830,16
1831,5
1831,9
1831,15
1832,22
1832,9
1832,20
1833,21
1833,18
1833,9
1833,20
1833,2
1833,17
1834,22
1834,1
1834,15
1834,6
1834,17
1835,14
1835,16
1835,17
1835,18
1835,11
1835,2
1836,19
1836,18
1836,17
1836,13
1837,16
1837,18
1837,5
1838,1
1838,2
1838,19
1838,18
1838,3
1838,5
1839,1
1839,19
1839,10
1839,20
1839,5
1840,16
1840,17
1840,5
1840,4
1840,18
1840,9
1841,3
1841,18
1841,16
1842,2
1842,13
1842,9
1842,21
1842,10
1842,6
1843,7
1843,8
1843,11
1843,16
1843,9
1844,15
1844,11
1844,21
1845,14
1845,15
1845,9
1845,22
1845,8
1845,4
1846,18
1846,15
1846,21
1846,10
1846,1
1847,22
1847,4
1847,16
1848,18
1848,11
1848,17
1849,13
1849,3
1849,22
1849,9
1849,4
1849,15
1850,18
1850,16
1850,9
1850,17
1850,2
1850,14
1851,3
1851,16
1851,9
1851,10
1851,18
1852,13
1852,8
1852,9
1852,15
1852,2
1852,19
1853,2
1853,21
1853,1
1854,20
1854,13
1854,3
1854,10
1854,8
1855,6
1855,1
1855,12
1856,2
1856,13
1856,7
1856,18
1857,21
1857,19
1857,8
1858,14
1858,17
1858,5
1858,8
1859,19
1859,8
1859,3
1860,18
1860,20
1860,4
1860,5
1861,6
1861,21
1861,19
1861,5
1862,18
1862,12
1862,1
1862,15
1863,13
1863,19
1863,16
1863,14
1863,22
1863,18
1864,22
1864,16
1864,11
1864,17
1864,12
1865,19
1865,10
1865,3
1865,12
1865,5
1865,18
1866,4
1866,14
1866,19
1866,7
1867,20
1867,13
1867,14
1867,2
1868,11
1868,9
1868,16
1868,2
1868,13
1869,5
1869,12
1869,11
1869,21
1869,7
1869,15
1870,7
1870,11
1870,6
1870,20
1871,9
1871,19
1871,3
1871,15
1871,20
1872,19
1872,22
1872,18
1872,14
1873,14
1873,8
1873,7
1873,5
1873,21
1873,12
1874,2
1874,15
1874,11
1874,7
1874,21
1875,12
1875,17
1875,20
1875,9
1875,3
1875,16
1876,17
1876,2
1876,4
1877,2
1877,16
1877,12
1877,7
1877,17
1878,4
1878,11
1878,18
1879,21
1879,1
1879,7
1879,22
1880,3
1880,22
1880,4
1880,20
1880,1
1880,17
1881,11
1881,8
1881,1
1882,19
1882,13
1882,8
1882,14
1882,5
1882,22
1883,8
1883,10
1883,3
1883,22
1884,2
1884,1
1884,19
1884,9
1885,3
1885,22
1885,17
1886,2
1886,14
1886,6
1886,12
1886,11
1886,13
1887,6
1887,22
1887,7
1888,6
1888,7
1888,12
1888,3
1889,9
1889,21
1889,14
1890,14
1890,16
1890,21
1890,4
1890,18
1891,1
1891,3
1891,14
1891,18
1892,17
1892,15
1892,2
1892,3
1893,3
1893,12
1893,15
1893,17
1893,2
1893,18
1894,5
1894,6
1894,17
1894,15
1894,7
1894,18
1895,10
1895,2
1895,13
1895,7
1895,19
1896,9
1896,16
1896,15
1896,14
1897,20
1897,11
1897,8
1897,18
1897,17
1897,12
1898,21
1898,12
1898,16
1898,6
1898,9
1899,7
1899,9
1899,4
1899,13
1899,11
1899,6
1900,7
1900,8
1900,19
1900,2
1901,11
1901,10
1901,6
1901,18
1901,13
1902,8
1902,2
1902,13
1902,15
1903,3
1903,1
1903,12
1903,14
1903,4
1903,7
1904,16
1904,22
1904,12
1904,7
1904,20
1905,6
1905,8
1905,5
1906,14
1906,13
1906,18
1906,9
1907,3
1907,21
1907,11
1907,16
1907,5
1908,19
1908,18
1908,5
1908,14
1909,13
1909,22
1909,4
1909,8
1909,17
1910,14
1910,21
1910,7
1910,2
1910,6
1911,4
1911,8
1911,19
1911,18
1912,7
1912,13
1912,19
1912,11
1913,11
1913,9
1913,12
1913,7
1914,2
1914,6
1914,8
1914,16
1914,17
1914,1
1915,21
1915,4
1915,1
1915,12
1915,6
1916,17
1916,2
1916,5
1916,7
1917,9
1917,2
1917,5
1917,18
1918,20
1918,15
1918,13
1918,1
1918,2
1918,10
1919,15
1919,19
1919,17
1920,14
1920,8
1920,2
1920,21
1921,10
1921,22
1921,7
1921,15
1922,14
1922,11
1922,15
1923,15
1923,14
1923,9
1924,9
1924,12
1924,6
1924,16
1925,22
1925,14
1925,19
1925,10
1925,16
1925,2
1926,3
1926,4
1926,11
1926,13
1927,4
1927,2
1927,11
1927,22
1927,21
1928,4
1928,6
1928,3
1928,18
1928,5
1928,13
1929,7
1929,16
1929,20
1929,18
1929,10
1929,19
1930,14
1930,5
1930,19
1930,10
1930,4
1930,22
1931,16
1931,3
1931,19
1931,21
1931,18
1932,18
1932,20
1932,16
1932,7
1932,9
1933,17
1933,7
1933,12
1933,19
1933,8
1933,4
1934,10
1934,3
1934,5
1934,19
1935,12
1935,8
1935,1
1935,15
1935,17
1936,12
1936,8
1936,14
1936,11
1936,15
1937,2
1937,3
1937,9
1937,4
1938,18
1938,21
1938,6
1938,16
1938,9
1939,14
1939,16
1939,3
1939,15
1939,9
1940,16
1940,20
1940,7
1941,17
1941,18
1941,20
1941,1
1942,16
1942,6
1942,17
1942,3
1942,11
1942,20
1943,8
1943,4
1943,6
1943,5
1944,6
1944,7
1944,12
1944,20
1944,10
1944,19
1945,11
1945,8
1945,17
1945,12
1945,13
1945,21
1946,8
1946,7
1946,5
1947,11
1947,17
1947,21
1948,15
1948,22
1948,19
1948,11
1948,21
1948,2
1949,21
1949,9
1949,22
1949,14
1949,17
1949,2
1950,7
1950,16
1950,6
1950,10
1951,5
1951,20
1951,4
1951,17
1951,13
1952,12
1952,9
1952,11
1952,17
1953,8
1953,16
1953,13
1953,10
1953,4
1953,19
1954,1
1954,18
1954,15
1954,7
1954,9
1954,2
1955,19
1955,15
1955,18
1955,4
1955,1
1956,16
1956,15
1956,5
1957,13
1957,6
1957,12
1958,3
1958,19
1958,16
1959,12
1959,15
1959,1
1959,3
1959,5
1959,18
1960,9
1960,11
1960,18
1960,22
1961,1
1961,18
1961,12
1961,22
1961,13
1962,12
1962,19
1962,15
1963,6
1963,22
1963,7
1963,17
1963,18
1964,11
1964,6
1964,16
1964,17
1964,12
1965,3
1965,14
1965,17
1965,16
1965,8
1966,18
1966,13
1966,19
1966,6
1966,7
1967,5
1967,20
1967,18
1967,14
1968,6
1968,2
1968,10
1969,2
1969,17
1969,3
1969,9
1969,12
1969,18
1970,12
1970,13
1970,11
1970,17
1971,22
1971,7
1971,21
1972,21
1972,16
1972,11
1972,5
1973,18
1973,13
1973,16
1973,1
1973,22
1974,2
1974,20
1974,22
1974,21
1975,7
1975,18
1975,5
1975,19
1975,14
1976,4
1976,17
1976,1
1976,2
1977,9
1977,3
1977,7
1977,22
1977,20
1978,13
1978,2
1978,7
1978,9
1978,16
1979,19
1979,22
1979,10
1979,18
1979,6
1980,6
1980,17
1980,20
1980,14
1980,5
1981,15
1981,8
1981,9
1981,19
1982,20
1982,5
1982,17
1982,13
1982,3
1983,12
1983,3
1983,10
1983,4
1983,21
1984,17
1984,16
1984,15
1985,21
1985,16
1985,13
1986,2
1986,13
1986,10
1986,18
1986,1
1986,19
1987,5
1987,22
1987,18
1987,8
1988,14
1988,11
1988,19
1988,15
1988,4
1988,5
1989,1
1989,15
1989,6
1989,8
1990,14
1990,11
1990,12
1990,13
1990,19
1990,20
1991,12
1991,19
1991,17
1991,4
1992,19
1992,12
1992,11
1992,10
1992,16
1992,7
1993,7
1993,21
1993,4
1993,3
1994,11
1994,12
1994,17
1995,4
1995,11
1995,6
1995,12
1996,20
1996,6
1996,22
1997,15
1997,20
1997,16
1997,12
1997,7
1997,4
1998,18
1998,16
1998,4
1998,15
1998,10
1999,14
1999,19
1999,4
2000,20
2000,21
2000,22
