-- phpMyAdmin SQL Dump
-- version 5.2.1
-- https://www.phpmyadmin.net/
--
-- Host: 127.0.0.1
-- Generation Time: Nov 18, 2025 at 11:23 PM
-- Server version: 10.4.32-MariaDB
-- PHP Version: 8.2.12

SET SQL_MODE = "NO_AUTO_VALUE_ON_ZERO";
START TRANSACTION;
SET time_zone = "+00:00";


/*!40101 SET @OLD_CHARACTER_SET_CLIENT=@@CHARACTER_SET_CLIENT */;
/*!40101 SET @OLD_CHARACTER_SET_RESULTS=@@CHARACTER_SET_RESULTS */;
/*!40101 SET @OLD_COLLATION_CONNECTION=@@COLLATION_CONNECTION */;
/*!40101 SET NAMES utf8mb4 */;

--
-- Database: `used_car_price`
--

-- --------------------------------------------------------

--
-- Table structure for table `badges`
--

CREATE TABLE `badges` (
  `badge_id` varchar(10) NOT NULL,
  `badge_name` varchar(50) DEFAULT NULL
) ENGINE=InnoDB DEFAULT CHARSET=utf8mb4 COLLATE=utf8mb4_general_ci;

--
-- Dumping data for table `badges`
--

INSERT INTO `badges` (`badge_id`, `badge_name`) VALUES
('BD_1', 'null\r'),
('BD_2', 'Good Deal\r'),
('BD_3', 'Fair Deal\r'),
('BD_4', 'Great Deal\r'),
('BD_5', 'Hot Car\r'),
('BD_6', 'Home Delivery\r'),
('BD_7', 'CPO Warrantied');

-- --------------------------------------------------------

--
-- Table structure for table `models`
--

CREATE TABLE `models` (
  `model_id` varchar(10) NOT NULL,
  `model_name` varchar(100) DEFAULT NULL
) ENGINE=InnoDB DEFAULT CHARSET=utf8mb4 COLLATE=utf8mb4_general_ci;

--
-- Dumping data for table `models`
--

INSERT INTO `models` (`model_id`, `model_name`) VALUES
('M_1', '4Runner\r'),
('M_10', 'Matrix\r'),
('M_11', 'Mirai\r'),
('M_12', 'Prius\r'),
('M_13', 'RAV4\r'),
('M_14', 'Sequoia\r'),
('M_15', 'Sienna\r'),
('M_16', 'Supra\r'),
('M_17', 'Tundra\r'),
('M_18', 'Tacoma\r'),
('M_19', 'Venza'),
('M_2', 'Avalon\r'),
('M_3', 'C-HR\r'),
('M_4', 'Camry\r'),
('M_5', 'Camry Solara\r'),
('M_6', 'Corolla\r'),
('M_7', 'FJ Cruiser\r'),
('M_8', 'Highlander\r'),
('M_9', 'Land Cruiser\r');

-- --------------------------------------------------------

--
-- Table structure for table `reviews`
--

CREATE TABLE `reviews` (
  `review_id` varchar(10) NOT NULL,
  `review` decimal(3,1) DEFAULT NULL,
  `review_count` int(11) DEFAULT NULL
) ENGINE=InnoDB DEFAULT CHARSET=utf8mb4 COLLATE=utf8mb4_general_ci;

--
-- Dumping data for table `reviews`
--

INSERT INTO `reviews` (`review_id`, `review`, `review_count`) VALUES
('RV_1', 4.8, 308),
('RV_10', 4.8, 510),
('RV_100', 5.0, 1),
('RV_1000', 4.5, 432),
('RV_101', 4.7, 4331),
('RV_102', 3.5, 96),
('RV_103', 4.6, 1013),
('RV_104', 4.8, 473),
('RV_105', 4.4, 275),
('RV_106', 4.8, 5003),
('RV_107', 4.7, 1892),
('RV_108', 4.9, 172),
('RV_109', 4.1, 343),
('RV_11', 4.9, 2933),
('RV_110', 4.7, 2634),
('RV_111', 4.7, 826),
('RV_112', 4.1, 11),
('RV_113', 4.7, 1295),
('RV_114', 4.6, 586),
('RV_115', 4.8, 138),
('RV_116', 4.6, 868),
('RV_117', 4.0, 50),
('RV_118', 4.9, 2245),
('RV_119', 4.9, 81),
('RV_12', 4.6, 104),
('RV_120', 4.6, 1658),
('RV_121', 4.3, 8),
('RV_122', 4.6, 1554),
('RV_123', 4.3, 8),
('RV_124', 1.1, 13),
('RV_125', 4.8, 5404),
('RV_126', 4.8, 679),
('RV_127', 4.8, 686),
('RV_128', 4.6, 681),
('RV_129', 4.4, 163),
('RV_13', 4.6, 104),
('RV_130', 4.2, 113),
('RV_131', 2.2, 12),
('RV_132', 4.8, 246),
('RV_133', 4.8, 1336),
('RV_134', 4.2, 5),
('RV_135', 4.9, 1731),
('RV_136', 4.4, 1331),
('RV_137', 2.5, 39),
('RV_138', 4.7, 534),
('RV_139', 4.4, 1138),
('RV_14', 4.4, 162),
('RV_140', 4.9, 2595),
('RV_141', 4.2, 218),
('RV_142', 4.6, 586),
('RV_143', 4.6, 1649),
('RV_144', 4.1, 145),
('RV_145', 4.7, 1868),
('RV_146', 4.1, 67),
('RV_147', 4.3, 613),
('RV_148', 4.7, 959),
('RV_149', 4.9, 599),
('RV_15', 4.7, 401),
('RV_150', 4.7, 1448),
('RV_151', 4.5, 306),
('RV_152', 4.7, 1868),
('RV_153', 4.7, 576),
('RV_154', 4.2, 681),
('RV_155', 4.7, 1898),
('RV_156', 4.1, 145),
('RV_157', 4.5, 117),
('RV_158', 1.0, 1),
('RV_159', 4.9, 3958),
('RV_16', 4.4, 96),
('RV_160', 4.9, 239),
('RV_161', 4.4, 599),
('RV_162', 4.3, 866),
('RV_163', 3.9, 94),
('RV_164', 2.6, 46),
('RV_165', 4.2, 750),
('RV_166', 4.6, 247),
('RV_167', 4.9, 48),
('RV_168', 4.6, 244),
('RV_169', 4.6, 707),
('RV_17', 4.9, 3692),
('RV_170', 4.8, 1209),
('RV_171', 4.8, 951),
('RV_172', 4.8, 351),
('RV_173', 4.7, 1),
('RV_174', 4.4, 222),
('RV_175', 3.6, 35),
('RV_176', 4.8, 321),
('RV_177', 4.6, 394),
('RV_178', 4.4, 222),
('RV_179', 4.6, 153),
('RV_18', 4.1, 343),
('RV_180', 4.2, 113),
('RV_181', 4.4, 222),
('RV_182', 4.7, 1),
('RV_183', 4.5, 573),
('RV_184', 4.7, 280),
('RV_185', 4.5, 400),
('RV_186', 4.7, 2163),
('RV_187', 4.5, 659),
('RV_188', 1.0, 1),
('RV_189', 4.1, 637),
('RV_19', 4.7, 826),
('RV_190', 4.8, 321),
('RV_191', 4.4, 884),
('RV_192', 4.4, 109),
('RV_193', 2.1, 20),
('RV_194', 4.1, 145),
('RV_195', 4.6, 543),
('RV_196', 4.5, 164),
('RV_197', 4.6, 868),
('RV_198', 5.0, 1),
('RV_199', 4.5, 133),
('RV_2', 4.8, 785),
('RV_20', 4.7, 3095),
('RV_200', 4.5, 43),
('RV_201', 4.4, 133),
('RV_202', 3.7, 6),
('RV_203', 4.7, 936),
('RV_204', 4.6, 3814),
('RV_205', 4.4, 2689),
('RV_206', 4.7, 2203),
('RV_207', 4.5, 470),
('RV_208', 4.4, 275),
('RV_209', 4.5, 223),
('RV_21', 4.5, 96),
('RV_210', 3.8, 269),
('RV_211', 4.8, 2563),
('RV_212', 4.4, 744),
('RV_213', 4.8, 142),
('RV_214', 4.6, 594),
('RV_215', 4.9, 2595),
('RV_216', 0.0, 0),
('RV_217', 4.7, 1448),
('RV_218', 4.6, 13),
('RV_219', 4.5, 538),
('RV_22', 4.3, 613),
('RV_220', 4.5, 1602),
('RV_221', 4.7, 1129),
('RV_222', 3.5, 13),
('RV_223', 4.5, 294),
('RV_224', 4.8, 606),
('RV_225', 4.5, 470),
('RV_226', 4.3, 112),
('RV_227', 4.7, 1448),
('RV_228', 4.6, 586),
('RV_229', 4.7, 5972),
('RV_23', 4.3, 33),
('RV_230', 4.6, 154),
('RV_231', 4.0, 4),
('RV_232', 4.4, 222),
('RV_233', 4.8, 537),
('RV_234', 1.6, 4),
('RV_235', 4.7, 4331),
('RV_236', 4.6, 131),
('RV_237', 4.5, 758),
('RV_238', 4.9, 2668),
('RV_239', 4.8, 957),
('RV_24', 4.2, 1546),
('RV_240', 4.8, 58),
('RV_241', 4.7, 4331),
('RV_242', 1.0, 1),
('RV_243', 4.4, 744),
('RV_244', 4.9, 1581),
('RV_245', 4.6, 854),
('RV_246', 3.5, 96),
('RV_247', 4.8, 852),
('RV_248', 4.8, 1209),
('RV_249', 4.5, 88),
('RV_25', 4.8, 528),
('RV_250', 4.7, 217),
('RV_251', 4.3, 464),
('RV_252', 4.5, 46),
('RV_253', 5.0, 368),
('RV_254', 4.6, 2154),
('RV_255', 3.8, 55),
('RV_256', 4.4, 461),
('RV_257', 3.9, 7),
('RV_258', 4.8, 1078),
('RV_259', 4.6, 548),
('RV_26', 4.2, 151),
('RV_260', 3.7, 640),
('RV_261', 3.3, 7),
('RV_262', 4.4, 19),
('RV_263', 4.8, 4032),
('RV_264', 4.7, 687),
('RV_265', 4.6, 762),
('RV_266', 4.4, 1566),
('RV_267', 0.0, 0),
('RV_268', 4.8, 321),
('RV_269', 4.6, 525),
('RV_27', 4.6, 624),
('RV_270', 4.7, 95),
('RV_271', 4.5, 300),
('RV_272', 4.8, 1312),
('RV_273', 4.5, 2343),
('RV_274', 4.6, 1648),
('RV_275', 4.6, 1225),
('RV_276', 4.5, 470),
('RV_277', 4.8, 1312),
('RV_278', 4.6, 9),
('RV_279', 4.8, 2598),
('RV_28', 4.8, 420),
('RV_280', 4.5, 117),
('RV_281', 4.8, 455),
('RV_282', 3.7, 6664),
('RV_283', 4.1, 557),
('RV_284', 4.5, 415),
('RV_285', 4.6, 1648),
('RV_286', 2.9, 27),
('RV_287', 4.8, 47),
('RV_288', 4.1, 557),
('RV_289', 4.6, 2704),
('RV_29', 4.3, 405),
('RV_290', 4.1, 557),
('RV_291', 4.9, 529),
('RV_292', 4.9, 2084),
('RV_293', 4.7, 3669),
('RV_294', 4.5, 1602),
('RV_295', 4.4, 275),
('RV_296', 4.6, 1356),
('RV_297', 4.6, 1341),
('RV_298', 3.4, 24),
('RV_299', 3.3, 81),
('RV_3', 4.8, 1963),
('RV_30', 4.9, 25582),
('RV_300', 4.1, 145),
('RV_301', 4.7, 2086),
('RV_302', 3.3, 42),
('RV_303', 4.5, 2065),
('RV_304', 3.6, 65),
('RV_305', 4.9, 2245),
('RV_306', 4.3, 173),
('RV_307', 4.5, 661),
('RV_308', 4.8, 1011),
('RV_309', 4.6, 139),
('RV_31', 4.8, 198),
('RV_310', 4.7, 862),
('RV_311', 4.6, 266),
('RV_312', 4.8, 2479),
('RV_313', 4.9, 1534),
('RV_314', 4.5, 601),
('RV_315', 4.6, 707),
('RV_316', 4.8, 1648),
('RV_317', 5.0, 1),
('RV_318', 4.7, 2163),
('RV_319', 4.3, 613),
('RV_32', 4.7, 285),
('RV_320', 4.7, 2634),
('RV_321', 4.7, 2366),
('RV_322', 4.7, 511),
('RV_323', 4.7, 1159),
('RV_324', 4.5, 16),
('RV_325', 4.7, 478),
('RV_326', 4.7, 2163),
('RV_327', 4.9, 4872),
('RV_328', 4.5, 1391),
('RV_329', 4.3, 142),
('RV_33', 3.2, 51),
('RV_330', 4.7, 224),
('RV_331', 4.9, 32),
('RV_332', 4.6, 147),
('RV_333', 3.9, 652),
('RV_334', 3.6, 10),
('RV_335', 4.6, 1648),
('RV_336', 4.9, 499),
('RV_337', 4.9, 582),
('RV_338', 5.0, 57),
('RV_339', 4.7, 749),
('RV_34', 4.4, 222),
('RV_340', 4.6, 1322),
('RV_341', 3.6, 65),
('RV_342', 4.0, 10),
('RV_343', 4.3, 1289),
('RV_344', 4.5, 595),
('RV_345', 4.9, 81),
('RV_346', 4.3, 30),
('RV_347', 4.3, 59),
('RV_348', 4.5, 16),
('RV_349', 4.6, 485),
('RV_35', 4.8, 510),
('RV_350', 4.8, 2252),
('RV_351', 4.7, 694),
('RV_352', 4.2, 113),
('RV_353', 4.9, 229),
('RV_354', 4.8, 3064),
('RV_355', 4.7, 1138),
('RV_356', 4.7, 103),
('RV_357', 4.9, 337),
('RV_358', 4.2, 113),
('RV_359', 4.9, 2192),
('RV_36', 4.9, 7509),
('RV_360', 4.9, 2192),
('RV_361', 4.0, 85),
('RV_362', 4.1, 69),
('RV_363', 4.7, 1892),
('RV_364', 4.1, 343),
('RV_365', 4.6, 1322),
('RV_366', 4.9, 81),
('RV_367', 3.9, 133),
('RV_368', 4.9, 6706),
('RV_369', 3.6, 65),
('RV_37', 4.7, 556),
('RV_370', 4.6, 594),
('RV_371', 4.5, 1602),
('RV_372', 3.7, 12),
('RV_373', 4.4, 53),
('RV_374', 4.7, 1005),
('RV_375', 4.1, 34),
('RV_376', 4.6, 11),
('RV_377', 4.7, 404),
('RV_378', 3.9, 36),
('RV_379', 3.6, 30),
('RV_38', 4.8, 957),
('RV_380', 3.5, 96),
('RV_381', 3.7, 5),
('RV_382', 4.7, 933),
('RV_383', 4.7, 905),
('RV_384', 4.6, 384),
('RV_385', 4.2, 218),
('RV_386', 4.1, 426),
('RV_387', 4.8, 665),
('RV_388', 4.2, 52),
('RV_389', 3.6, 198),
('RV_39', 2.7, 15),
('RV_390', 4.6, 394),
('RV_391', 4.7, 1159),
('RV_392', 4.7, 338),
('RV_393', 4.8, 260),
('RV_394', 4.8, 3283),
('RV_395', 3.9, 7),
('RV_396', 3.7, 10),
('RV_397', 4.3, 119),
('RV_398', 3.7, 10),
('RV_399', 4.7, 1716),
('RV_4', 4.6, 39),
('RV_40', 4.7, 511),
('RV_400', 4.5, 637),
('RV_401', 4.7, 986),
('RV_402', 4.5, 2156),
('RV_403', 4.8, 2563),
('RV_404', 4.6, 263),
('RV_405', 4.4, 251),
('RV_406', 4.8, 58),
('RV_407', 4.7, 967),
('RV_408', 4.6, 132),
('RV_409', 4.6, 440),
('RV_41', 4.7, 2366),
('RV_410', 4.7, 685),
('RV_411', 4.6, 586),
('RV_412', 4.8, 2744),
('RV_413', 4.7, 3199),
('RV_414', 4.9, 1745),
('RV_415', 4.9, 1745),
('RV_416', 4.8, 2916),
('RV_417', 4.6, 1031),
('RV_418', 4.5, 156),
('RV_419', 4.3, 36),
('RV_42', 4.4, 3542),
('RV_420', 3.7, 13),
('RV_421', 4.6, 27),
('RV_422', 4.7, 1159),
('RV_423', 4.6, 638),
('RV_424', 4.5, 540),
('RV_425', 5.0, 7),
('RV_426', 4.3, 1289),
('RV_427', 4.8, 262),
('RV_428', 4.3, 73),
('RV_429', 4.5, 1602),
('RV_43', 4.8, 1119),
('RV_430', 4.8, 5404),
('RV_431', 4.8, 877),
('RV_432', 4.8, 78),
('RV_433', 4.9, 2147),
('RV_434', 4.9, 254),
('RV_435', 3.9, 20),
('RV_436', 3.7, 3),
('RV_437', 4.8, 260),
('RV_438', 3.4, 13),
('RV_439', 4.5, 396),
('RV_44', 4.5, 198),
('RV_440', 4.8, 7),
('RV_441', 4.7, 224),
('RV_442', 4.8, 378),
('RV_443', 4.1, 426),
('RV_444', 4.5, 155),
('RV_445', 4.4, 602),
('RV_446', 3.9, 19),
('RV_447', 4.1, 661),
('RV_448', 4.8, 135),
('RV_449', 4.7, 1892),
('RV_45', 4.6, 141),
('RV_450', 4.8, 246),
('RV_451', 4.9, 2595),
('RV_452', 4.5, 1602),
('RV_453', 2.0, 9),
('RV_454', 4.4, 31),
('RV_455', 3.0, 10),
('RV_456', 4.9, 148),
('RV_457', 3.8, 151),
('RV_458', 4.4, 516),
('RV_459', 4.9, 1745),
('RV_46', 4.7, 321),
('RV_460', 4.0, 4),
('RV_461', 4.7, 48),
('RV_462', 4.7, 1475),
('RV_463', 4.9, 2597),
('RV_464', 4.5, 239),
('RV_465', 3.5, 96),
('RV_466', 4.4, 7),
('RV_467', 3.9, 185),
('RV_468', 3.5, 96),
('RV_469', 4.9, 7509),
('RV_47', 4.7, 515),
('RV_470', 4.3, 1227),
('RV_471', 4.8, 1081),
('RV_472', 4.6, 169),
('RV_473', 4.8, 382),
('RV_474', 4.6, 1648),
('RV_475', 4.3, 613),
('RV_476', 4.5, 1402),
('RV_477', 4.6, 415),
('RV_478', 4.7, 1295),
('RV_479', 4.8, 850),
('RV_48', 4.7, 826),
('RV_480', 4.6, 687),
('RV_481', 4.7, 1138),
('RV_482', 4.5, 300),
('RV_483', 4.2, 41),
('RV_484', 4.5, 1402),
('RV_485', 5.0, 1),
('RV_486', 4.7, 1892),
('RV_487', 4.6, 203),
('RV_488', 4.8, 91),
('RV_489', 4.9, 1042),
('RV_49', 5.0, 1),
('RV_490', 4.8, 4926),
('RV_491', 4.7, 662),
('RV_492', 4.6, 1014),
('RV_493', 4.5, 455),
('RV_494', 4.9, 1431),
('RV_495', 4.3, 694),
('RV_496', 4.0, 80),
('RV_497', 4.8, 211),
('RV_498', 4.8, 1119),
('RV_499', 1.0, 1),
('RV_5', 4.9, 438),
('RV_50', 4.6, 586),
('RV_500', 4.8, 951),
('RV_501', 4.7, 1466),
('RV_502', 4.6, 1643),
('RV_503', 4.6, 141),
('RV_504', 4.9, 418),
('RV_505', 4.1, 332),
('RV_506', 4.7, 994),
('RV_507', 4.2, 780),
('RV_508', 4.8, 321),
('RV_509', 4.7, 984),
('RV_51', 4.9, 384),
('RV_510', 3.7, 322),
('RV_511', 2.9, 133),
('RV_512', 4.8, 1549),
('RV_513', 4.5, 239),
('RV_514', 4.3, 27),
('RV_515', 4.7, 48),
('RV_516', 4.6, 798),
('RV_517', 4.6, 1381),
('RV_518', 4.8, 1209),
('RV_519', 4.8, 211),
('RV_52', 2.0, 5),
('RV_520', 4.6, 107),
('RV_521', 4.6, 795),
('RV_522', 4.8, 5483),
('RV_523', 4.8, 216),
('RV_524', 4.2, 218),
('RV_525', 4.8, 363),
('RV_526', 4.5, 1602),
('RV_527', 4.7, 3514),
('RV_528', 4.7, 1472),
('RV_529', 4.6, 586),
('RV_53', 4.6, 2013),
('RV_530', 4.8, 795),
('RV_531', 4.9, 742),
('RV_532', 4.4, 425),
('RV_533', 4.3, 351),
('RV_534', 4.7, 2373),
('RV_535', 4.7, 1005),
('RV_536', 3.9, 652),
('RV_537', 4.8, 231),
('RV_538', 4.6, 455),
('RV_539', 4.8, 1081),
('RV_54', 4.4, 106),
('RV_540', 4.7, 576),
('RV_541', 5.0, 2),
('RV_542', 4.6, 206),
('RV_543', 4.6, 206),
('RV_544', 4.3, 882),
('RV_545', 4.3, 866),
('RV_546', 4.9, 14),
('RV_547', 4.8, 850),
('RV_548', 3.7, 433),
('RV_549', 4.8, 850),
('RV_55', 4.8, 234),
('RV_550', 4.9, 2016),
('RV_551', 4.4, 133),
('RV_552', 4.3, 866),
('RV_553', 4.9, 79),
('RV_554', 4.2, 9),
('RV_555', 5.0, 12),
('RV_556', 4.2, 8),
('RV_557', 4.6, 285),
('RV_558', 4.7, 417),
('RV_559', 3.7, 22),
('RV_56', 4.3, 613),
('RV_560', 4.2, 118),
('RV_561', 4.8, 74),
('RV_562', 4.5, 345),
('RV_563', 4.4, 25),
('RV_564', 4.4, 397),
('RV_565', 4.9, 1581),
('RV_566', 4.5, 48),
('RV_567', 4.5, 48),
('RV_568', 4.3, 178),
('RV_569', 4.8, 3418),
('RV_57', 4.5, 573),
('RV_570', 4.7, 56),
('RV_571', 4.7, 1432),
('RV_572', 4.7, 952),
('RV_573', 4.8, 1032),
('RV_574', 4.1, 16),
('RV_575', 4.5, 595),
('RV_576', 4.4, 155),
('RV_577', 4.3, 1),
('RV_578', 4.2, 209),
('RV_579', 4.1, 51),
('RV_58', 4.6, 597),
('RV_580', 4.0, 147),
('RV_581', 3.1, 181),
('RV_582', 4.8, 23),
('RV_583', 4.3, 46),
('RV_584', 4.7, 723),
('RV_585', 4.0, 147),
('RV_586', 4.8, 203),
('RV_587', 4.6, 147),
('RV_588', 4.8, 9),
('RV_589', 4.5, 501),
('RV_59', 4.7, 1716),
('RV_590', 4.0, 147),
('RV_591', 4.2, 113),
('RV_592', 4.8, 4567),
('RV_593', 4.6, 157),
('RV_594', 4.7, 4577),
('RV_595', 4.2, 29),
('RV_596', 4.2, 218),
('RV_597', 4.7, 874),
('RV_598', 4.6, 525),
('RV_599', 4.2, 218),
('RV_6', 4.9, 380),
('RV_60', 4.5, 1288),
('RV_600', 4.8, 1647),
('RV_601', 4.8, 2432),
('RV_602', 4.2, 75),
('RV_603', 4.1, 557),
('RV_604', 4.2, 97),
('RV_605', 4.6, 1275),
('RV_606', 4.5, 279),
('RV_607', 4.4, 640),
('RV_608', 4.2, 30),
('RV_609', 4.8, 5483),
('RV_61', 4.8, 5404),
('RV_610', 4.3, 554),
('RV_611', 4.5, 4065),
('RV_612', 4.7, 498),
('RV_613', 4.6, 147),
('RV_614', 4.3, 271),
('RV_615', 4.8, 586),
('RV_616', 3.9, 68),
('RV_617', 4.6, 813),
('RV_618', 5.0, 1),
('RV_619', 4.0, 49),
('RV_62', 4.5, 432),
('RV_620', 4.5, 762),
('RV_621', 4.8, 2563),
('RV_622', 4.8, 811),
('RV_623', 4.6, 813),
('RV_624', 4.8, 130),
('RV_625', 4.6, 900),
('RV_626', 4.7, 552),
('RV_627', 1.0, 1),
('RV_628', 4.4, 31),
('RV_629', 4.4, 133),
('RV_63', 4.5, 1602),
('RV_630', 4.7, 1868),
('RV_631', 3.7, 10),
('RV_632', 4.3, 231),
('RV_633', 4.8, 856),
('RV_634', 4.6, 346),
('RV_635', 1.0, 2),
('RV_636', 4.7, 291),
('RV_637', 4.9, 229),
('RV_638', 3.7, 38),
('RV_639', 1.0, 1),
('RV_64', 4.1, 426),
('RV_640', 4.6, 1356),
('RV_641', 4.7, 1129),
('RV_642', 4.7, 1892),
('RV_643', 4.7, 254),
('RV_644', 4.4, 104),
('RV_645', 4.6, 900),
('RV_646', 4.8, 532),
('RV_647', 4.4, 1138),
('RV_648', 4.9, 6187),
('RV_649', 4.7, 2163),
('RV_65', 4.8, 957),
('RV_650', 4.6, 983),
('RV_651', 4.5, 164),
('RV_652', 4.4, 31),
('RV_653', 4.9, 32),
('RV_654', 4.8, 1011),
('RV_655', 4.8, 3064),
('RV_656', 3.7, 3),
('RV_657', 4.8, 1338),
('RV_658', 4.7, 203),
('RV_659', 4.3, 231),
('RV_66', 4.8, 1315),
('RV_660', 4.9, 81),
('RV_661', 4.4, 1243),
('RV_662', 4.9, 3692),
('RV_663', 4.8, 707),
('RV_664', 4.8, 832),
('RV_665', 3.7, 3),
('RV_666', 4.9, 197),
('RV_667', 4.6, 476),
('RV_668', 4.7, 1333),
('RV_669', 4.7, 793),
('RV_67', 4.8, 823),
('RV_670', 4.9, 404),
('RV_671', 4.5, 432),
('RV_672', 4.8, 126),
('RV_673', 4.1, 59),
('RV_674', 4.8, 1457),
('RV_675', 4.5, 507),
('RV_676', 4.7, 435),
('RV_677', 4.7, 2163),
('RV_678', 4.7, 264),
('RV_679', 4.9, 32),
('RV_68', 4.8, 2916),
('RV_680', 4.8, 81),
('RV_681', 4.8, 2332),
('RV_682', 4.3, 231),
('RV_683', 4.5, 2411),
('RV_684', 4.5, 192),
('RV_685', 4.8, 321),
('RV_686', 4.5, 759),
('RV_687', 4.8, 3576),
('RV_688', 4.6, 900),
('RV_689', 4.8, 282),
('RV_69', 4.8, 1258),
('RV_690', 4.8, 1636),
('RV_691', 4.9, 1568),
('RV_692', 4.5, 294),
('RV_693', 4.9, 1581),
('RV_694', 4.8, 1238),
('RV_695', 4.9, 1435),
('RV_696', 4.7, 634),
('RV_697', 4.7, 874),
('RV_698', 4.8, 1667),
('RV_699', 4.8, 1561),
('RV_7', 4.5, 120),
('RV_70', 4.6, 167),
('RV_700', 4.8, 1122),
('RV_701', 4.8, 28),
('RV_702', 4.6, 638),
('RV_703', 3.9, 27),
('RV_704', 4.3, 447),
('RV_705', 4.4, 133),
('RV_706', 4.6, 243),
('RV_707', 4.4, 306),
('RV_708', 4.7, 1983),
('RV_709', 4.5, 750),
('RV_71', 4.5, 253),
('RV_710', 4.5, 1402),
('RV_711', 4.7, 1868),
('RV_712', 3.7, 3),
('RV_713', 4.6, 778),
('RV_714', 4.5, 470),
('RV_715', 4.8, 1561),
('RV_716', 4.5, 758),
('RV_717', 1.5, 2),
('RV_718', 4.8, 1619),
('RV_719', 4.5, 1402),
('RV_72', 4.3, 1377),
('RV_720', 4.6, 594),
('RV_721', 4.8, 3064),
('RV_722', 4.1, 557),
('RV_723', 4.1, 557),
('RV_724', 4.7, 913),
('RV_725', 4.1, 50),
('RV_726', 4.9, 2933),
('RV_727', 4.7, 1271),
('RV_728', 4.4, 133),
('RV_729', 4.3, 231),
('RV_73', 4.8, 1655),
('RV_730', 3.1, 181),
('RV_731', 3.8, 14),
('RV_732', 4.7, 333),
('RV_733', 4.6, 165),
('RV_734', 4.7, 232),
('RV_735', 4.8, 2942),
('RV_736', 4.8, 1844),
('RV_737', 4.5, 164),
('RV_738', 4.8, 5404),
('RV_739', 4.6, 762),
('RV_74', 4.8, 2916),
('RV_740', 4.7, 284),
('RV_741', 4.9, 2147),
('RV_742', 4.4, 425),
('RV_743', 4.7, 106),
('RV_744', 4.6, 545),
('RV_745', 4.5, 1602),
('RV_746', 4.9, 418),
('RV_747', 4.5, 1602),
('RV_748', 0.0, 0),
('RV_749', 4.6, 1658),
('RV_75', 4.9, 2668),
('RV_750', 4.9, 177),
('RV_751', 4.5, 241),
('RV_752', 4.4, 133),
('RV_753', 4.7, 1898),
('RV_754', 4.6, 762),
('RV_755', 3.1, 93),
('RV_756', 3.8, 14),
('RV_757', 4.6, 3567),
('RV_758', 4.7, 4331),
('RV_759', 4.9, 33),
('RV_76', 3.9, 9),
('RV_760', 4.5, 470),
('RV_761', 4.8, 2413),
('RV_762', 4.6, 1554),
('RV_763', 4.6, 394),
('RV_764', 4.8, 2413),
('RV_765', 4.7, 862),
('RV_766', 4.7, 1147),
('RV_767', 4.0, 171),
('RV_768', 4.6, 1381),
('RV_769', 4.3, 1289),
('RV_77', 4.6, 141),
('RV_770', 4.0, 585),
('RV_771', 4.8, 5404),
('RV_772', 1.8, 5),
('RV_773', 4.5, 190),
('RV_774', 4.4, 39),
('RV_775', 4.5, 1402),
('RV_776', 4.8, 4032),
('RV_777', 4.8, 1646),
('RV_778', 4.4, 640),
('RV_779', 4.8, 1023),
('RV_78', 4.6, 1643),
('RV_780', 4.1, 145),
('RV_781', 4.9, 239),
('RV_782', 4.6, 525),
('RV_783', 4.7, 75),
('RV_784', 4.8, 2332),
('RV_785', 4.8, 1844),
('RV_786', 4.7, 576),
('RV_787', 4.5, 1602),
('RV_788', 4.4, 679),
('RV_789', 4.7, 489),
('RV_79', 4.3, 40),
('RV_790', 4.6, 2013),
('RV_791', 4.9, 239),
('RV_792', 4.5, 659),
('RV_793', 4.3, 613),
('RV_794', 4.4, 744),
('RV_795', 4.5, 400),
('RV_796', 4.4, 486),
('RV_797', 4.4, 425),
('RV_798', 4.8, 394),
('RV_799', 4.6, 642),
('RV_8', 4.1, 343),
('RV_80', 4.8, 2332),
('RV_800', 3.8, 14),
('RV_801', 4.5, 1276),
('RV_802', 4.6, 1279),
('RV_803', 4.6, 525),
('RV_804', 4.8, 537),
('RV_805', 4.1, 364),
('RV_806', 4.8, 1664),
('RV_807', 4.6, 2323),
('RV_808', 4.8, 4032),
('RV_809', 4.8, 2332),
('RV_81', 4.8, 216),
('RV_810', 4.8, 1122),
('RV_811', 4.8, 5404),
('RV_812', 4.6, 1356),
('RV_813', 4.6, 39),
('RV_814', 4.7, 4331),
('RV_815', 4.5, 107),
('RV_816', 4.7, 1601),
('RV_817', 4.5, 2343),
('RV_818', 4.4, 19),
('RV_819', 4.6, 740),
('RV_82', 1.0, 1),
('RV_820', 4.5, 759),
('RV_821', 4.7, 1115),
('RV_822', 4.6, 243),
('RV_823', 4.7, 479),
('RV_824', 4.4, 133),
('RV_825', 4.7, 489),
('RV_826', 4.7, 168),
('RV_827', 5.0, 1),
('RV_828', 4.8, 313),
('RV_829', 5.0, 1),
('RV_83', 4.8, 1673),
('RV_830', 4.9, 1568),
('RV_831', 4.6, 8),
('RV_832', 4.8, 1209),
('RV_833', 4.9, 2668),
('RV_834', 4.7, 1129),
('RV_835', 4.8, 5003),
('RV_836', 4.8, 5003),
('RV_837', 4.7, 1041),
('RV_838', 4.8, 856),
('RV_839', 4.9, 2615),
('RV_84', 4.8, 651),
('RV_840', 4.7, 1472),
('RV_841', 4.8, 1122),
('RV_842', 4.4, 275),
('RV_843', 4.7, 1051),
('RV_844', 4.6, 1959),
('RV_845', 4.2, 464),
('RV_846', 4.4, 275),
('RV_847', 4.9, 2192),
('RV_848', 4.8, 1497),
('RV_849', 4.5, 1402),
('RV_85', 2.1, 4),
('RV_850', 4.7, 4331),
('RV_851', 4.1, 557),
('RV_852', 4.8, 5483),
('RV_853', 4.6, 59),
('RV_854', 1.7, 14),
('RV_855', 5.0, 6),
('RV_856', 4.5, 2092),
('RV_857', 4.5, 2092),
('RV_858', 4.2, 121),
('RV_859', 4.3, 8159),
('RV_86', 4.9, 1581),
('RV_860', 4.7, 1243),
('RV_861', 2.0, 5),
('RV_862', 2.2, 39),
('RV_863', 4.3, 1377),
('RV_864', 4.4, 602),
('RV_865', 4.7, 1868),
('RV_866', 4.8, 135),
('RV_867', 4.4, 1138),
('RV_868', 4.8, 2903),
('RV_869', 4.3, 882),
('RV_87', 4.8, 4567),
('RV_870', 4.1, 426),
('RV_871', 4.8, 1132),
('RV_872', 4.6, 1803),
('RV_873', 4.4, 1574),
('RV_874', 4.1, 332),
('RV_875', 4.1, 426),
('RV_876', 4.7, 50),
('RV_877', 4.4, 524),
('RV_878', 4.8, 936),
('RV_879', 4.8, 4926),
('RV_88', 4.4, 704),
('RV_880', 4.4, 162),
('RV_881', 3.6, 93),
('RV_882', 3.8, 533),
('RV_883', 4.6, 1607),
('RV_884', 4.7, 1159),
('RV_885', 4.9, 1581),
('RV_886', 4.5, 1602),
('RV_887', 4.5, 16),
('RV_888', 4.6, 1643),
('RV_889', 4.1, 557),
('RV_89', 4.6, 763),
('RV_890', 4.6, 642),
('RV_891', 4.1, 28),
('RV_892', 4.5, 781),
('RV_893', 4.8, 1015),
('RV_894', 4.7, 495),
('RV_895', 4.8, 3283),
('RV_896', 4.9, 3195),
('RV_897', 4.8, 2744),
('RV_898', 4.5, 961),
('RV_899', 4.7, 15),
('RV_9', 4.0, 1001),
('RV_90', 4.8, 332),
('RV_900', 4.6, 440),
('RV_901', 3.7, 3),
('RV_902', 1.0, 3),
('RV_903', 3.6, 1304),
('RV_904', 4.8, 324),
('RV_905', 4.4, 222),
('RV_906', 4.7, 162),
('RV_907', 4.3, 17),
('RV_908', 4.6, 2704),
('RV_909', 4.4, 100),
('RV_91', 4.5, 241),
('RV_910', 2.3, 4),
('RV_911', 4.9, 8),
('RV_912', 4.8, 3453),
('RV_913', 4.8, 968),
('RV_914', 4.7, 656),
('RV_915', 2.7, 31),
('RV_916', 4.6, 45),
('RV_917', 4.8, 2916),
('RV_918', 4.8, 2833),
('RV_919', 4.8, 5404),
('RV_92', 4.8, 1623),
('RV_920', 4.8, 5404),
('RV_921', 4.7, 927),
('RV_922', 4.9, 175),
('RV_923', 3.9, 37),
('RV_924', 4.4, 222),
('RV_925', 4.7, 65),
('RV_926', 4.5, 564),
('RV_927', 5.0, 1),
('RV_928', 4.9, 7599),
('RV_929', 4.9, 513),
('RV_93', 4.7, 5972),
('RV_930', 4.7, 265),
('RV_931', 4.7, 905),
('RV_932', 4.6, 1554),
('RV_933', 4.8, 5404),
('RV_934', 2.7, 31),
('RV_935', 4.4, 69),
('RV_936', 4.7, 1868),
('RV_937', 4.4, 133),
('RV_938', 4.7, 780),
('RV_939', 4.7, 3095),
('RV_94', 3.9, 28),
('RV_940', 4.7, 3095),
('RV_941', 3.6, 72),
('RV_942', 4.6, 3814),
('RV_943', 4.3, 60),
('RV_944', 4.5, 37),
('RV_945', 4.5, 750),
('RV_946', 3.0, 47),
('RV_947', 4.8, 41),
('RV_948', 4.8, 2477),
('RV_949', 3.5, 60),
('RV_95', 4.6, 879),
('RV_950', 4.9, 323),
('RV_951', 3.5, 84),
('RV_952', 4.7, 51),
('RV_953', 4.8, 3309),
('RV_954', 4.5, 1196),
('RV_955', 2.7, 31),
('RV_956', 4.4, 794),
('RV_957', 4.8, 172),
('RV_958', 4.7, 1159),
('RV_959', 4.7, 581),
('RV_96', 4.9, 221),
('RV_960', 4.3, 508),
('RV_961', 4.6, 761),
('RV_962', 4.5, 312),
('RV_963', 4.8, 92),
('RV_964', 4.8, 772),
('RV_965', 4.6, 1393),
('RV_966', 4.5, 142),
('RV_967', 4.4, 1574),
('RV_968', 5.0, 9),
('RV_969', 3.8, 110),
('RV_97', 4.4, 492),
('RV_970', 4.6, 795),
('RV_971', 4.7, 826),
('RV_972', 4.6, 1322),
('RV_973', 4.7, 479),
('RV_974', 4.8, 13),
('RV_975', 2.2, 25),
('RV_976', 4.8, 772),
('RV_977', 4.5, 3035),
('RV_978', 4.5, 1242),
('RV_979', 4.8, 1387),
('RV_98', 4.7, 1022),
('RV_980', 4.0, 1),
('RV_981', 4.8, 1654),
('RV_982', 4.7, 144),
('RV_983', 4.7, 271),
('RV_984', 4.3, 1289),
('RV_985', 4.8, 321),
('RV_986', 4.3, 1883),
('RV_987', 4.3, 6),
('RV_988', 4.7, 601),
('RV_989', 3.8, 54),
('RV_99', 4.5, 90),
('RV_990', 4.7, 826),
('RV_991', 4.1, 661),
('RV_992', 4.7, 484),
('RV_993', 4.9, 7599),
('RV_994', 4.8, 1882),
('RV_995', 3.7, 3),
('RV_996', 4.8, 1119),
('RV_997', 4.5, 573),
('RV_998', 3.9, 38),
('RV_999', 2.0, 4);

-- --------------------------------------------------------

--
-- Table structure for table `used_car_list`
--

CREATE TABLE `used_car_list` (
  `car_list_id` varchar(10) NOT NULL,
  `varian_id` varchar(10) DEFAULT NULL,
  `tahun` int(11) DEFAULT NULL,
  `price` int(11) DEFAULT NULL,
  `mileage` int(11) DEFAULT NULL,
  `badge_id` varchar(10) DEFAULT NULL,
  `review_id` varchar(10) DEFAULT NULL
) ENGINE=InnoDB DEFAULT CHARSET=utf8mb4 COLLATE=utf8mb4_general_ci;

--
-- Dumping data for table `used_car_list`
--

INSERT INTO `used_car_list` (`car_list_id`, `varian_id`, `tahun`, `price`, `mileage`, `badge_id`, `review_id`) VALUES
('id_1', '', 2000, 11995, 120392, 'BD_1', 'RV_1\r'),
('id_10', 'V_1', 2020, 5055, 18752, 'BD_2', 'RV_10\r'),
('id_100', 'V_6', 2016, 32999, 70971, 'BD_2', 'RV_100\r'),
('id_1000', 'V_13', 2021, 38884, 13905, 'BD_2', 'RV_1000\r'),
('id_101', 'V_6', 2019, 40795, 19407, 'BD_2', 'RV_101\r'),
('id_102', 'V_6', 2017, 36588, 85241, 'BD_2', 'RV_102\r'),
('id_103', 'V_6', 2015, 33991, 43722, 'BD_3', 'RV_103\r'),
('id_104', 'V_6', 2021, 39999, 15362, 'BD_2', 'RV_104\r'),
('id_105', 'V_6', 2019, 39228, 44601, 'BD_2', 'RV_105\r'),
('id_106', 'V_6', 2018, 40995, 39009, 'BD_3', 'RV_106\r'),
('id_107', 'V_6', 2016, 30996, 63439, 'BD_2', 'RV_107\r'),
('id_108', 'V_6', 2020, 40492, 44043, 'BD_2', 'RV_108\r'),
('id_109', 'V_6', 2019, 42144, 4273, 'BD_2', 'RV_109\r'),
('id_11', 'V_1', 2018, 46288, 38092, 'BD_2', 'RV_11\r'),
('id_110', 'V_6', 2019, 41498, 44884, 'BD_3', 'RV_110\r'),
('id_111', 'V_6', 2020, 44777, 16494, 'BD_3', 'RV_111\r'),
('id_112', 'V_6', 2000, 15995, 145199, 'BD_6', 'RV_112\r'),
('id_113', 'V_7', 2018, 39361, 37957, 'BD_2', 'RV_113\r'),
('id_114', 'V_7', 2021, 49701, 893, 'BD_2', 'RV_114\r'),
('id_115', 'V_7', 2018, 39987, 62599, 'BD_3', 'RV_115\r'),
('id_116', 'V_7', 2020, 4499, 12289, 'BD_2', 'RV_116\r'),
('id_117', 'V_7', 2018, 46941, 37448, 'BD_1', 'RV_117\r'),
('id_118', 'V_7', 2018, 3899, 38703, 'BD_2', 'RV_118\r'),
('id_119', 'V_7', 2019, 43549, 43805, 'BD_2', 'RV_119\r'),
('id_12', 'V_1', 2016, 38048, 81015, 'BD_2', 'RV_12\r'),
('id_120', 'V_7', 2020, 4399, 15656, 'BD_4', 'RV_120\r'),
('id_121', 'V_8', 2019, 49998, 18655, 'BD_2', 'RV_121\r'),
('id_122', 'V_8', 2018, 40991, 4009, 'BD_2', 'RV_122\r'),
('id_123', 'V_8', 2019, 49498, 24185, 'BD_2', 'RV_123\r'),
('id_124', 'V_9', 2018, 3995, 65627, 'BD_3', 'RV_124\r'),
('id_125', 'V_9', 2019, 60382, 19009, 'BD_1', 'RV_125\r'),
('id_126', 'V_10', 2019, 34962, 13144, 'BD_2', 'RV_126\r'),
('id_127', 'V_11', 2013, 169, 79401, 'BD_2', 'RV_127\r'),
('id_128', 'V_1', 2011, 14391, 88057, 'BD_2', 'RV_128\r'),
('id_129', 'V_1', 2011, 1428, 1050761, 'BD_2', 'RV_129\r'),
('id_13', 'V_1', 2016, 40999, 43395, 'BD_2', 'RV_13\r'),
('id_130', 'V_12', 2006, 9994, 83497, 'BD_2', 'RV_130\r'),
('id_131', 'V_13', 2014, 18994, 74421, 'BD_3', 'RV_131\r'),
('id_132', 'V_14', 2016, 18771, 1100856, 'BD_2', 'RV_132\r'),
('id_133', 'V_14', 2016, 22995, 8043, 'BD_2', 'RV_133\r'),
('id_134', 'V_14', 2016, 24991, 45334, 'BD_6', 'RV_134\r'),
('id_135', 'V_14', 2018, 249, 59621, 'BD_2', 'RV_135\r'),
('id_136', 'V_15', 2019, 38, 36868, 'BD_2', 'RV_136\r'),
('id_137', 'V_16', 2003, 45, 114747, 'BD_3', 'RV_137\r'),
('id_138', 'null', 2019, 28308, 2325, 'BD_2', 'RV_138\r'),
('id_139', 'V_17', 2020, 27988, 30453, 'BD_2', 'RV_139\r'),
('id_14', 'V_1', 2020, 475, 33576, 'BD_2', 'RV_14\r'),
('id_140', 'V_17', 2020, 29995, 16785, 'BD_3', 'RV_140\r'),
('id_141', 'V_17', 2019, 22601, 46575, 'BD_3', 'RV_141\r'),
('id_142', 'V_17', 2019, 24854, 30671, 'BD_2', 'RV_142\r'),
('id_143', 'V_17', 2019, 26984, 26768, 'BD_3', 'RV_143\r'),
('id_144', 'V_17', 2019, 23588, 33656, 'BD_2', 'RV_144\r'),
('id_145', 'V_17', 2019, 24999, 19229, 'BD_2', 'RV_145\r'),
('id_146', 'V_17', 2019, 23995, 16511, 'BD_2', 'RV_146\r'),
('id_147', 'V_17', 2019, 24488, 64759, 'BD_2', 'RV_147\r'),
('id_148', 'V_17', 2019, 24452, 14055, 'BD_6', 'RV_148\r'),
('id_149', 'V_17', 2020, 297, 12553, 'BD_2', 'RV_149\r'),
('id_15', 'V_1', 2018, 47494, 39728, 'BD_3', 'RV_15\r'),
('id_150', 'V_17', 2019, 23995, 3515, 'BD_2', 'RV_150\r'),
('id_151', 'V_17', 2019, 23795, 2033, 'BD_6', 'RV_151\r'),
('id_152', 'V_17', 2019, 23872, 34113, 'BD_7', 'RV_152\r'),
('id_153', 'V_17', 2019, 26875, 19296, 'BD_3', 'RV_153\r'),
('id_154', 'V_17', 2019, 22989, 22053, 'BD_2', 'RV_154\r'),
('id_155', 'V_13', 2018, 28991, 31558, 'BD_3', 'RV_155\r'),
('id_156', 'V_13', 2018, 22795, 49572, 'BD_2', 'RV_156\r'),
('id_157', 'V_13', 2018, 2095, 64101, 'BD_2', 'RV_157\r'),
('id_158', 'V_13', 2018, 22289, 4775, 'BD_2', 'RV_158\r'),
('id_159', 'V_13', 2019, 25999, 1728, 'BD_3', 'RV_159\r'),
('id_16', 'V_1', 2015, 39998, 625, 'BD_3', 'RV_16\r'),
('id_160', 'V_13', 2019, 24209, 47134, 'BD_3', 'RV_160\r'),
('id_161', '', 2009, 7525, 166589, 'BD_4', 'RV_161\r'),
('id_162', '', 2011, 12, 64108, 'BD_4', 'RV_162\r'),
('id_163', '', 2018, 21784, 69121, 'BD_2', 'RV_163\r'),
('id_164', 'V_18', 2009, 7995, 80916, 'BD_6', 'RV_164\r'),
('id_165', 'V_19', 2019, 29744, 17094, 'BD_2', 'RV_165\r'),
('id_166', 'V_20', 2019, 26995, 38175, 'BD_3', 'RV_166\r'),
('id_167', 'V_17', 2019, 23169, 47205, 'BD_2', 'RV_167\r'),
('id_168', 'V_17', 2018, 2395, 23341, 'BD_2', 'RV_168\r'),
('id_169', 'V_17', 2019, 21905, 47369, 'BD_2', 'RV_169\r'),
('id_17', 'V_1', 2017, 39398, 88252, 'BD_3', 'RV_17\r'),
('id_170', 'V_17', 2012, 15, 76077, 'BD_4', 'RV_170\r'),
('id_171', 'V_17', 2019, 28999, 21903, 'BD_3', 'RV_171\r'),
('id_172', 'V_17', 2017, 19599, 6603, 'BD_3', 'RV_172\r'),
('id_173', 'V_17', 2019, 24988, 58513, 'BD_3', 'RV_173\r'),
('id_174', 'V_17', 2019, 26392, 45225, 'BD_2', 'RV_174\r'),
('id_175', 'V_17', 2019, 19977, 76908, 'BD_2', 'RV_175\r'),
('id_176', 'V_17', 2019, 24991, 21252, 'BD_2', 'RV_176\r'),
('id_177', 'V_17', 2019, 271, 1539, 'BD_3', 'RV_177\r'),
('id_178', 'V_17', 2019, 2589, 47751, 'BD_3', 'RV_178\r'),
('id_179', 'V_17', 2019, 22896, 85227, 'BD_2', 'RV_179\r'),
('id_18', 'V_1', 2019, 49784, 17484, 'BD_3', 'RV_18\r'),
('id_180', 'V_17', 2004, 7994, 8937, 'BD_6', 'RV_180\r'),
('id_181', 'V_17', 2019, 2667, 58667, 'BD_3', 'RV_181\r'),
('id_182', 'V_17', 2019, 24988, 53529, 'BD_3', 'RV_182\r'),
('id_183', 'V_17', 2019, 27997, 11131, 'BD_3', 'RV_183\r'),
('id_184', 'V_17', 2019, 23409, 49722, 'BD_2', 'RV_184\r'),
('id_185', 'V_17', 2019, 26995, 23701, 'BD_2', 'RV_185\r'),
('id_186', 'V_17', 2020, 246, 3817, 'BD_2', 'RV_186\r'),
('id_187', 'V_21', 2021, 3115, 1339, 'BD_2', 'RV_187\r'),
('id_188', 'V_21', 2019, 25689, 49126, 'BD_2', 'RV_188\r'),
('id_189', 'V_21', 2019, 25493, 4955, 'BD_3', 'RV_189\r'),
('id_19', 'V_1', 2017, 38999, 48827, 'BD_2', 'RV_19\r'),
('id_190', 'V_21', 2019, 29791, 16794, 'BD_3', 'RV_190\r'),
('id_191', 'V_21', 2019, 27292, 271, 'BD_3', 'RV_191\r'),
('id_192', 'V_21', 2019, 189, 49549, 'BD_4', 'RV_192\r'),
('id_193', 'V_21', 2019, 21898, 50902, 'BD_2', 'RV_193\r'),
('id_194', 'V_21', 2020, 27998, 24899, 'BD_2', 'RV_194\r'),
('id_195', 'V_21', 2019, 214, 9114, 'BD_2', 'RV_195\r'),
('id_196', 'V_21', 2019, 23995, 15883, 'BD_4', 'RV_196\r'),
('id_197', 'V_21', 2020, 26492, 29899, 'BD_2', 'RV_197\r'),
('id_198', 'V_21', 2018, 27399, 34746, 'BD_3', 'RV_198\r'),
('id_199', 'V_21', 2019, 2499, 43819, 'BD_3', 'RV_199\r'),
('id_2', 'V_1', 2016, 32797, 80825, 'BD_2', 'RV_2\r'),
('id_20', 'V_1', 2020, 52895, 12086, 'BD_3', 'RV_20\r'),
('id_200', 'V_21', 2018, 24399, 47951, 'BD_2', 'RV_200\r'),
('id_201', 'V_21', 2020, 285, 18766, 'BD_2', 'RV_201\r'),
('id_202', 'V_21', 2016, 20995, 48937, 'BD_3', 'RV_202\r'),
('id_203', 'V_21', 2020, 28744, 14897, 'BD_2', 'RV_203\r'),
('id_204', 'V_21', 2016, 18221, 79686, 'BD_2', 'RV_204\r'),
('id_205', 'V_21', 2019, 26994, 475, 'BD_2', 'RV_205\r'),
('id_206', 'V_21', 2020, 29998, 22253, 'BD_2', 'RV_206\r'),
('id_207', 'V_21', 2016, 19634, 64726, 'BD_2', 'RV_207\r'),
('id_208', 'V_21', 2019, 25408, 31149, 'BD_4', 'RV_208\r'),
('id_209', 'V_21', 2016, 18999, 61192, 'BD_3', 'RV_209\r'),
('id_21', 'V_1', 2018, 449, 34824, 'BD_2', 'RV_21\r'),
('id_210', 'V_21', 2018, 21277, 45208, 'BD_4', 'RV_210\r'),
('id_211', 'V_21', 2015, 16888, 62467, 'BD_2', 'RV_211\r'),
('id_212', 'V_21', 2020, 27895, 13941, 'BD_2', 'RV_212\r'),
('id_213', 'V_21', 2017, 21528, 82838, 'BD_6', 'RV_213\r'),
('id_214', 'V_21', 2019, 28898, 20065, 'BD_3', 'RV_214\r'),
('id_215', 'V_21', 2017, 17993, 1100930, 'BD_2', 'RV_215\r'),
('id_216', 'V_21', 2018, 25999, 25141, 'BD_2', 'RV_216\r'),
('id_217', 'V_21', 2020, 27595, 2137, 'BD_2', 'RV_217\r'),
('id_218', 'V_21', 2017, 19992, 46099, 'BD_2', 'RV_218\r'),
('id_219', 'V_21', 2016, 155, 1112023, 'BD_2', 'RV_219\r'),
('id_22', 'V_1', 2018, 47541, 19511, 'BD_2', 'RV_22\r'),
('id_220', 'V_21', 2017, 17757, 1070458, 'BD_4', 'RV_220\r'),
('id_221', 'V_21', 2017, 20987, 50271, 'BD_4', 'RV_221\r'),
('id_222', 'V_21', 2015, 13788, 9523, 'BD_2', 'RV_222\r'),
('id_223', 'V_21', 2019, 26715, 21501, 'BD_2', 'RV_223\r'),
('id_224', 'V_21', 2020, 26681, 55463, 'BD_2', 'RV_224\r'),
('id_225', 'V_21', 2020, 32477, 17337, 'BD_2', 'RV_225\r'),
('id_226', 'V_21', 2016, 14499, 69264, 'BD_4', 'RV_226\r'),
('id_227', 'V_21', 2017, 20997, 4832, 'BD_2', 'RV_227\r'),
('id_228', 'V_21', 2020, 27951, 17289, 'BD_2', 'RV_228\r'),
('id_229', 'V_21', 2020, 28616, 17498, 'BD_2', 'RV_229\r'),
('id_23', 'V_1', 2019, 49158, 48642, 'BD_3', 'RV_23\r'),
('id_230', 'V_21', 2016, 165, 115431, 'BD_2', 'RV_230\r'),
('id_231', 'V_21', 2017, 12995, 58679, 'BD_4', 'RV_231\r'),
('id_232', 'V_21', 2019, 2999, 13033, 'BD_3', 'RV_232\r'),
('id_233', 'V_21', 2017, 13981, 191504, 'BD_5', 'RV_233\r'),
('id_234', 'V_21', 2019, 25985, 29676, 'BD_2', 'RV_234\r'),
('id_235', 'V_21', 2019, 29948, 32262, 'BD_2', 'RV_235\r'),
('id_236', 'V_21', 2016, 169, 78651, 'BD_2', 'RV_236\r'),
('id_237', 'V_21', 2020, 2899, 11543, 'BD_2', 'RV_237\r'),
('id_238', 'V_21', 2019, 294, 32063, 'BD_3', 'RV_238\r'),
('id_239', 'V_21', 2020, 27393, 17968, 'BD_2', 'RV_239\r'),
('id_24', 'V_1', 2018, 42713, 34505, 'BD_2', 'RV_24\r'),
('id_240', 'V_21', 2018, 20498, 76652, 'BD_3', 'RV_240\r'),
('id_241', 'V_21', 2019, 2591, 42024, 'BD_2', 'RV_241\r'),
('id_242', 'V_21', 2020, 26982, 33042, 'BD_4', 'RV_242\r'),
('id_243', 'V_21', 2020, 26986, 1, 'BD_4', 'RV_243\r'),
('id_244', 'V_21', 2020, 30, 11668, 'BD_4', 'RV_244\r'),
('id_245', 'V_21', 2019, 27499, 13025, 'BD_2', 'RV_245\r'),
('id_246', 'V_21', 2008, 13788, 3495, 'BD_1', 'RV_246\r'),
('id_247', 'V_13', 2017, 229, 25189, 'BD_2', 'RV_247\r'),
('id_248', 'V_13', 2019, 34, 6108, 'BD_3', 'RV_248\r'),
('id_249', 'V_13', 2018, 26987, 462, 'BD_2', 'RV_249\r'),
('id_25', 'V_1', 2018, 43987, 39512, 'BD_2', 'RV_25\r'),
('id_250', 'V_13', 2017, 21713, 67, 'BD_3', 'RV_250\r'),
('id_251', 'V_13', 2009, 7994, 149506, 'BD_2', 'RV_251\r'),
('id_252', 'V_13', 2015, 185, 34396, 'BD_2', 'RV_252\r'),
('id_253', 'V_13', 2009, 8988, 151122, 'BD_5', 'RV_253\r'),
('id_254', 'V_13', 2018, 2449, 63301, 'BD_4', 'RV_254\r'),
('id_255', 'V_13', 2017, 169, 39, 'BD_4', 'RV_255\r'),
('id_256', 'V_13', 2017, 19991, 92511, 'BD_3', 'RV_256\r'),
('id_257', 'V_13', 2018, 21982, 1112001, 'BD_4', 'RV_257\r'),
('id_258', 'V_13', 2017, 22495, 35376, 'BD_2', 'RV_258\r'),
('id_259', 'V_13', 2009, 9978, 88145, 'BD_2', 'RV_259\r'),
('id_26', 'V_1', 2015, 28995, 1110355, 'BD_2', 'RV_26\r'),
('id_260', 'V_13', 2019, 28991, 25694, 'BD_2', 'RV_260\r'),
('id_261', 'V_13', 2017, 27, 19949, 'BD_2', 'RV_261\r'),
('id_262', 'V_13', 2017, 22279, 40296, 'BD_2', 'RV_262\r'),
('id_263', 'V_13', 1998, 3998, 119149, 'BD_4', 'RV_263\r'),
('id_264', 'V_23', 2019, 38988, 29426, 'BD_6', 'RV_264\r'),
('id_265', 'V_23', 2019, 32367, 18142, 'BD_2', 'RV_265\r'),
('id_266', 'V_23', 2019, 31988, 32441, 'BD_4', 'RV_266\r'),
('id_267', 'V_23', 2018, 30486, 28543, 'BD_2', 'RV_267\r'),
('id_268', 'V_23', 2021, 36991, 2264, 'BD_2', 'RV_268\r'),
('id_269', 'V_23', 2019, 32953, 53673, 'BD_3', 'RV_269\r'),
('id_27', 'V_1', 2019, 44363, 18603, 'BD_4', 'RV_27\r'),
('id_270', 'V_23', 2019, 3549, 13313, 'BD_3', 'RV_270\r'),
('id_271', 'V_23', 2020, 26873, 67884, 'BD_2', 'RV_271\r'),
('id_272', 'V_23', 2019, 31525, 31284, 'BD_2', 'RV_272\r'),
('id_273', 'V_23', 2020, 32998, 25738, 'BD_4', 'RV_273\r'),
('id_274', 'V_23', 2019, 29984, 31788, 'BD_4', 'RV_274\r'),
('id_275', 'V_23', 2019, 35497, 22133, 'BD_7', 'RV_275\r'),
('id_276', 'V_23', 2021, 39028, 22255, 'BD_2', 'RV_276\r'),
('id_277', 'V_23', 2019, 29525, 47781, 'BD_2', 'RV_277\r'),
('id_278', 'V_23', 2020, 34999, 11341, 'BD_2', 'RV_278\r'),
('id_279', 'V_23', 2019, 379, 19625, 'BD_7', 'RV_279\r'),
('id_28', 'V_1', 2020, 49944, 19331, 'BD_2', 'RV_28\r'),
('id_280', 'V_23', 2019, 3375, 14491, 'BD_3', 'RV_280\r'),
('id_281', 'V_23', 2020, 349, 19065, 'BD_2', 'RV_281\r'),
('id_282', 'V_23', 2019, 28999, 26409, 'BD_4', 'RV_282\r'),
('id_283', 'V_23', 2021, 37688, 21935, 'BD_3', 'RV_283\r'),
('id_284', 'V_23', 2019, 34888, 21334, 'BD_3', 'RV_284\r'),
('id_285', 'V_23', 2019, 32505, 27123, 'BD_3', 'RV_285\r'),
('id_286', 'V_23', 2019, 30522, 40152, 'BD_2', 'RV_286\r'),
('id_287', 'V_23', 2020, 345, 17437, 'BD_2', 'RV_287\r'),
('id_288', 'V_23', 2021, 36188, 18524, 'BD_2', 'RV_288\r'),
('id_289', 'V_23', 2019, 31368, 49815, 'BD_2', 'RV_289\r'),
('id_29', 'V_1', 2017, 39999, 35772, 'BD_4', 'RV_29\r'),
('id_290', 'V_23', 2021, 36188, 22984, 'BD_2', 'RV_290\r'),
('id_291', 'V_23', 2019, 31999, 18389, 'BD_2', 'RV_291\r'),
('id_292', 'V_23', 2019, 35981, 311, 'BD_3', 'RV_292\r'),
('id_293', 'V_23', 2020, 3474, 23853, 'BD_4', 'RV_293\r'),
('id_294', 'V_23', 2020, 35447, 21836, 'BD_3', 'RV_294\r'),
('id_295', 'V_23', 2021, 39697, 25906, 'BD_2', 'RV_295\r'),
('id_296', 'V_24', 2020, 24595, 60084, 'BD_2', 'RV_296\r'),
('id_297', 'V_20', 2016, 15, 81186, 'BD_3', 'RV_297\r'),
('id_298', 'V_20', 2017, 13999, 543, 'BD_4', 'RV_298\r'),
('id_299', 'V_20', 2017, 16999, 66664, 'BD_3', 'RV_299\r'),
('id_3', 'V_1', 2016, 3598, 8187, 'BD_3', 'RV_3\r'),
('id_30', 'V_1', 2019, 44999, 3558, 'BD_3', 'RV_30\r'),
('id_300', 'V_20', 2019, 19895, 23851, 'BD_2', 'RV_300\r'),
('id_301', 'V_20', 2019, 192, 22487, 'BD_3', 'RV_301\r'),
('id_302', 'V_17', 2017, 13899, 49752, 'BD_4', 'RV_302\r'),
('id_303', 'V_17', 2019, 1798, 47337, 'BD_4', 'RV_303\r'),
('id_304', 'V_17', 2017, 19999, 33178, 'BD_3', 'RV_304\r'),
('id_305', 'V_17', 2017, 1399, 76947, 'BD_4', 'RV_305\r'),
('id_306', 'V_17', 2019, 1849, 2999, 'BD_2', 'RV_306\r'),
('id_307', 'V_17', 2019, 21998, 50151, 'BD_3', 'RV_307\r'),
('id_308', 'V_17', 2019, 2049, 12068, 'BD_2', 'RV_308\r'),
('id_309', 'V_17', 2020, 2288, 22689, 'BD_2', 'RV_309\r'),
('id_31', 'V_1', 2018, 45991, 21605, 'BD_2', 'RV_31\r'),
('id_310', 'V_17', 2010, 1268, 91839, 'BD_2', 'RV_310\r'),
('id_311', 'V_17', 2020, 19995, 1568, 'BD_4', 'RV_311\r'),
('id_312', 'V_17', 2019, 19966, 3831, 'BD_3', 'RV_312\r'),
('id_313', 'V_17', 2021, 23699, 13089, 'BD_4', 'RV_313\r'),
('id_314', 'V_17', 2019, 2029, 20214, 'BD_2', 'RV_314\r'),
('id_315', 'V_17', 2020, 19075, 47452, 'BD_4', 'RV_315\r'),
('id_316', 'V_17', 2021, 25475, 14718, 'BD_2', 'RV_316\r'),
('id_317', 'V_17', 2019, 18998, 58601, 'BD_2', 'RV_317\r'),
('id_318', 'V_17', 2020, 219, 30221, 'BD_2', 'RV_318\r'),
('id_319', 'V_17', 2019, 26699, 10903, 'BD_7', 'RV_319\r'),
('id_32', 'V_1', 2016, 37991, 76054, 'BD_3', 'RV_32\r'),
('id_320', 'V_17', 2019, 21179, 47999, 'BD_2', 'RV_320\r'),
('id_321', 'V_17', 2020, 22982, 15885, 'BD_2', 'RV_321\r'),
('id_322', 'V_17', 2021, 24124, 15768, 'BD_2', 'RV_322\r'),
('id_323', 'V_17', 2009, 11997, 47781, 'BD_6', 'RV_323\r'),
('id_324', 'V_17', 2020, 20389, 49113, 'BD_2', 'RV_324\r'),
('id_325', 'V_17', 2017, 20167, 36961, 'BD_3', 'RV_325\r'),
('id_326', 'V_17', 2020, 215, 33976, 'BD_2', 'RV_326\r'),
('id_327', 'V_17', 2017, 1949, 37043, 'BD_2', 'RV_327\r'),
('id_328', 'V_17', 2017, 2099, 37264, 'BD_3', 'RV_328\r'),
('id_329', 'V_17', 2019, 1799, 10825, 'BD_4', 'RV_329\r'),
('id_33', 'V_1', 2016, 36988, 4251, 'BD_2', 'RV_33\r'),
('id_330', 'V_17', 2016, 1488, 36872, 'BD_4', 'RV_330\r'),
('id_331', 'V_17', 2019, 19269, 4916, 'BD_2', 'RV_331\r'),
('id_332', 'V_17', 2020, 19, 32207, 'BD_4', 'RV_332\r'),
('id_333', 'V_17', 2021, 23015, 13817, 'BD_4', 'RV_333\r'),
('id_334', 'V_17', 2019, 13999, 1022003, 'BD_2', 'RV_334\r'),
('id_335', 'V_17', 2021, 20594, 4696, 'BD_4', 'RV_335\r'),
('id_336', 'V_17', 2019, 1989, 49865, 'BD_2', 'RV_336\r'),
('id_337', 'V_17', 2019, 19499, 45239, 'BD_2', 'RV_337\r'),
('id_338', 'V_17', 2013, 1399, 17333, 'BD_2', 'RV_338\r'),
('id_339', 'V_17', 2020, 23901, 21836, 'BD_2', 'RV_339\r'),
('id_34', 'V_1', 2018, 4779, 41131, 'BD_3', 'RV_34\r'),
('id_340', 'V_17', 2019, 19915, 49518, 'BD_3', 'RV_340\r'),
('id_341', 'V_17', 2019, 19999, 36604, 'BD_2', 'RV_341\r'),
('id_342', 'V_17', 2020, 214, 49911, 'BD_2', 'RV_342\r'),
('id_343', 'V_17', 2021, 25313, 21054, 'BD_2', 'RV_343\r'),
('id_344', 'V_17', 2021, 25998, 11866, 'BD_3', 'RV_344\r'),
('id_345', 'V_17', 2020, 21257, 43018, 'BD_2', 'RV_345\r'),
('id_346', 'V_17', 2020, 17699, 89841, 'BD_2', 'RV_346\r'),
('id_347', 'V_17', 2019, 19885, 72889, 'BD_3', 'RV_347\r'),
('id_348', 'V_17', 2020, 20579, 43635, 'BD_2', 'RV_348\r'),
('id_349', 'V_17', 2020, 21139, 42566, 'BD_2', 'RV_349\r'),
('id_35', 'V_1', 2020, 50, 23017, 'BD_2', 'RV_35\r'),
('id_350', 'V_17', 2017, 16995, 61067, 'BD_2', 'RV_350\r'),
('id_351', 'V_17', 2017, 17995, 23261, 'BD_2', 'RV_351\r'),
('id_352', 'V_17', 2009, 11994, 3926, 'BD_2', 'RV_352\r'),
('id_353', 'V_17', 2020, 22995, 1574, 'BD_4', 'RV_353\r'),
('id_354', 'V_17', 2021, 22928, 13595, 'BD_2', 'RV_354\r'),
('id_355', 'V_17', 2020, 20939, 41321, 'BD_2', 'RV_355\r'),
('id_356', 'V_17', 2021, 25, 11134, 'BD_2', 'RV_356\r'),
('id_357', 'V_17', 2019, 19989, 23814, 'BD_2', 'RV_357\r'),
('id_358', 'V_25', 2016, 14994, 74989, 'BD_2', 'RV_358\r'),
('id_359', 'V_21', 2020, 24992, 26076, 'BD_2', 'RV_359\r'),
('id_36', 'V_1', 2016, 34992, 89672, 'BD_2', 'RV_36\r'),
('id_360', 'V_21', 2020, 25992, 23105, 'BD_2', 'RV_360\r'),
('id_361', 'V_21', 2019, 21995, 49039, 'BD_2', 'RV_361\r'),
('id_362', 'V_21', 2019, 2049, 18241, 'BD_4', 'RV_362\r'),
('id_363', 'V_21', 2019, 19996, 33179, 'BD_2', 'RV_363\r'),
('id_364', 'V_21', 2020, 25599, 13812, 'BD_2', 'RV_364\r'),
('id_365', 'V_21', 2019, 20908, 16784, 'BD_2', 'RV_365\r'),
('id_366', 'V_21', 2021, 25887, 16432, 'BD_4', 'RV_366\r'),
('id_367', 'V_21', 2018, 19978, 34417, 'BD_2', 'RV_367\r'),
('id_368', 'V_21', 2019, 21, 32127, 'BD_2', 'RV_368\r'),
('id_369', 'V_21', 2019, 19947, 42567, 'BD_2', 'RV_369\r'),
('id_37', 'V_1', 2015, 38777, 50434, 'BD_2', 'RV_37\r'),
('id_370', 'V_21', 2019, 23517, 42682, 'BD_3', 'RV_370\r'),
('id_371', 'V_26', 2011, 32874, 81089, 'BD_3', 'RV_371\r'),
('id_372', 'V_26', 2014, 38909, 63301, 'BD_4', 'RV_372\r'),
('id_373', 'V_26', 2014, 33999, 92624, 'BD_6', 'RV_373\r'),
('id_374', '', 2019, 39602, 18443, 'BD_4', 'RV_374\r'),
('id_375', '', 2010, 13985, 114163, 'BD_3', 'RV_375\r'),
('id_376', '', 2004, 66, 242684, 'BD_4', 'RV_376\r'),
('id_377', '', 2018, 40995, 36459, 'BD_2', 'RV_377\r'),
('id_378', 'V_24', 2018, 3498, 33373, 'BD_2', 'RV_378\r'),
('id_379', 'V_10', 2015, 2799, 1020475, 'BD_1', 'RV_379\r'),
('id_38', 'V_1', 2018, 45991, 42778, 'BD_2', 'RV_38\r'),
('id_380', 'V_10', 2017, 41488, 35217, 'BD_3', 'RV_380\r'),
('id_381', 'V_10', 2013, 176, 147827, 'BD_2', 'RV_381\r'),
('id_382', 'V_10', 2017, 37998, 55953, 'BD_3', 'RV_382\r'),
('id_383', 'V_10', 2018, 4168, 56757, 'BD_2', 'RV_383\r'),
('id_384', 'V_10', 2014, 255, 817, 'BD_3', 'RV_384\r'),
('id_385', 'V_10', 2019, 455, 17424, 'BD_2', 'RV_385\r'),
('id_386', 'V_10', 2014, 2849, 86098, 'BD_3', 'RV_386\r'),
('id_387', 'V_10', 2009, 135, 163184, 'BD_5', 'RV_387\r'),
('id_388', 'V_10', 2018, 41475, 45971, 'BD_2', 'RV_388\r'),
('id_389', 'V_27', 2019, 439, 27478, 'BD_2', 'RV_389\r'),
('id_39', 'V_1', 2015, 37491, 8176, 'BD_5', 'RV_39\r'),
('id_390', 'V_27', 2019, 49501, 19816, 'BD_3', 'RV_390\r'),
('id_391', 'V_28', 2021, 57998, 11342, 'BD_2', 'RV_391\r'),
('id_392', 'V_29', 2018, 4195, 14795, 'BD_3', 'RV_392\r'),
('id_393', 'V_29', 2018, 36998, 81197, 'BD_3', 'RV_393\r'),
('id_394', 'V_29', 2019, 42974, 26814, 'BD_2', 'RV_394\r'),
('id_395', 'V_29', 2019, 44787, 15196, 'BD_2', 'RV_395\r'),
('id_396', 'V_17', 2019, 30989, 57116, 'BD_2', 'RV_396\r'),
('id_397', 'V_17', 2018, 31995, 85179, 'BD_4', 'RV_397\r'),
('id_398', 'V_17', 2019, 32339, 41261, 'BD_2', 'RV_398\r'),
('id_399', 'V_17', 2019, 31995, 4261, 'BD_2', 'RV_399\r'),
('id_4', 'V_1', 2016, 35389, 67321, 'BD_2', 'RV_4\r'),
('id_40', 'V_1', 2016, 34571, 66693, 'BD_2', 'RV_40\r'),
('id_400', 'V_17', 2018, 30488, 45227, 'BD_2', 'RV_400\r'),
('id_401', 'V_17', 2019, 34623, 17781, 'BD_3', 'RV_401\r'),
('id_402', 'V_17', 2015, 19591, 139977, 'BD_5', 'RV_402\r'),
('id_403', 'V_17', 2019, 3445, 16387, 'BD_2', 'RV_403\r'),
('id_404', 'V_17', 2019, 30957, 34446, 'BD_2', 'RV_404\r'),
('id_405', 'V_17', 2018, 24991, 92625, 'BD_4', 'RV_405\r'),
('id_406', 'V_17', 2019, 27998, 6395, 'BD_2', 'RV_406\r'),
('id_407', 'V_17', 2019, 32398, 34383, 'BD_2', 'RV_407\r'),
('id_408', 'V_17', 2019, 36887, 14714, 'BD_2', 'RV_408\r'),
('id_409', 'V_17', 2018, 30, 32641, 'BD_4', 'RV_409\r'),
('id_41', 'V_1', 2018, 41781, 52538, 'BD_2', 'RV_41\r'),
('id_410', 'V_17', 2019, 32578, 31165, 'BD_2', 'RV_410\r'),
('id_411', 'V_25', 2017, 2995, 63516, 'BD_3', 'RV_411\r'),
('id_412', 'V_25', 2018, 37981, 32293, 'BD_2', 'RV_412\r'),
('id_413', 'V_25', 2018, 33999, 19499, 'BD_2', 'RV_413\r'),
('id_414', 'V_1', 2017, 31591, 84621, 'BD_2', 'RV_414\r'),
('id_415', 'V_1', 2017, 33958, 53767, 'BD_2', 'RV_415\r'),
('id_416', 'V_1', 2012, 16485, 168092, 'BD_2', 'RV_416\r'),
('id_417', 'V_1', 2017, 37, 17313, 'BD_2', 'RV_417\r'),
('id_418', 'V_1', 2016, 27885, 71502, 'BD_2', 'RV_418\r'),
('id_419', 'V_1', 2011, 17995, 1050875, 'BD_4', 'RV_419\r'),
('id_42', 'V_1', 2016, 358, 86366, 'BD_3', 'RV_42\r'),
('id_420', 'V_1', 2012, 18998, 134389, 'BD_3', 'RV_420\r'),
('id_421', 'V_1', 2016, 31988, 61239, 'BD_2', 'RV_421\r'),
('id_422', 'V_1', 2013, 20998, 1050708, 'BD_2', 'RV_422\r'),
('id_423', 'V_1', 2012, 18998, 118634, 'BD_3', 'RV_423\r'),
('id_424', 'V_1', 2014, 2495, 95505, 'BD_6', 'RV_424\r'),
('id_425', 'V_1', 2018, 2989, 27989, 'BD_4', 'RV_425\r'),
('id_426', 'V_1', 2019, 39424, 34502, 'BD_2', 'RV_426\r'),
('id_427', 'V_1', 2018, 382, 35367, 'BD_3', 'RV_427\r'),
('id_428', 'V_1', 2012, 19995, 117136, 'BD_1', 'RV_428\r'),
('id_429', 'V_1', 2017, 33487, 57631, 'BD_2', 'RV_429\r'),
('id_43', 'V_1', 2018, 44992, 2135, 'BD_2', 'RV_43\r'),
('id_430', 'V_1', 2020, 46296, 16238, 'BD_2', 'RV_430\r'),
('id_431', 'V_1', 2013, 22491, 98011, 'BD_3', 'RV_431\r'),
('id_432', 'V_1', 2004, 6995, 175149, 'BD_2', 'RV_432\r'),
('id_433', 'V_1', 2013, 23982, 48111, 'BD_2', 'RV_433\r'),
('id_434', 'V_1', 2020, 44125, 45194, 'BD_2', 'RV_434\r'),
('id_435', 'V_1', 2014, 23377, 1040806, 'BD_2', 'RV_435\r'),
('id_436', 'V_1', 2012, 16995, 144797, 'BD_4', 'RV_436\r'),
('id_437', 'V_1', 2017, 40998, 2608, 'BD_2', 'RV_437\r'),
('id_438', 'V_1', 2005, 9495, 113605, 'BD_1', 'RV_438\r'),
('id_439', 'V_1', 2016, 32419, 50925, 'BD_2', 'RV_439\r'),
('id_44', 'V_1', 2017, 40982, 84161, 'BD_3', 'RV_44\r'),
('id_440', 'V_1', 2005, 9195, 99525, 'BD_2', 'RV_440\r'),
('id_441', 'V_1', 2017, 35992, 25138, 'BD_2', 'RV_441\r'),
('id_442', 'V_1', 2017, 35048, 584, 'BD_4', 'RV_442\r'),
('id_443', 'V_1', 2013, 2199, 99251, 'BD_3', 'RV_443\r'),
('id_444', 'V_1', 2005, 7995, 142697, 'BD_1', 'RV_444\r'),
('id_445', 'V_1', 2019, 38397, 55558, 'BD_2', 'RV_445\r'),
('id_446', 'V_1', 2016, 275, 81723, 'BD_2', 'RV_446\r'),
('id_447', 'V_1', 2015, 31491, 56981, 'BD_2', 'RV_447\r'),
('id_448', 'V_30', 2015, 23444, 64062, 'BD_2', 'RV_448\r'),
('id_449', 'V_30', 2016, 29446, 62598, 'BD_2', 'RV_449\r'),
('id_45', 'V_1', 2018, 49259, 1334, 'BD_3', 'RV_45\r'),
('id_450', 'V_30', 2019, 43998, 16592, 'BD_2', 'RV_450\r'),
('id_451', 'V_30', 2017, 35094, 78694, 'BD_2', 'RV_451\r'),
('id_452', 'V_30', 2017, 38487, 38345, 'BD_2', 'RV_452\r'),
('id_453', 'V_30', 2017, 37999, 30126, 'BD_2', 'RV_453\r'),
('id_454', 'V_30', 2017, 37523, 31331, 'BD_2', 'RV_454\r'),
('id_455', 'V_30', 2017, 30899, 48174, 'BD_4', 'RV_455\r'),
('id_456', 'V_30', 2019, 42302, 35717, 'BD_3', 'RV_456\r'),
('id_457', 'V_30', 2015, 2935, 87893, 'BD_2', 'RV_457\r'),
('id_458', 'V_30', 2015, 31, 80079, 'BD_2', 'RV_458\r'),
('id_459', 'V_31', 2021, 50191, 2918, 'BD_2', 'RV_459\r'),
('id_46', 'V_1', 2016, 4199, 24384, 'BD_2', 'RV_46\r'),
('id_460', 'V_31', 2021, 5199, 14145, 'BD_2', 'RV_460\r'),
('id_461', 'V_21', 2012, 17486, 114073, 'BD_2', 'RV_461\r'),
('id_462', 'V_21', 2012, 17888, 130540, 'BD_2', 'RV_462\r'),
('id_463', 'V_21', 2012, 18422, 88929, 'BD_2', 'RV_463\r'),
('id_464', 'V_21', 2013, 21251, 89798, 'BD_3', 'RV_464\r'),
('id_465', 'V_13', 2019, 41588, 18137, 'BD_3', 'RV_465\r'),
('id_466', 'V_13', 2019, 40888, 18645, 'BD_3', 'RV_466\r'),
('id_467', 'V_13', 2016, 285, 82539, 'BD_2', 'RV_467\r'),
('id_468', 'V_13', 2019, 40888, 19918, 'BD_2', 'RV_468\r'),
('id_469', 'V_13', 2014, 24992, 48367, 'BD_4', 'RV_469\r'),
('id_47', 'V_1', 2021, 54223, 18503, 'BD_2', 'RV_47\r'),
('id_470', 'V_13', 2018, 37729, 20501, 'BD_4', 'RV_470\r'),
('id_471', 'V_13', 2018, 3895, 32825, 'BD_4', 'RV_471\r'),
('id_472', 'V_13', 2019, 398, 29894, 'BD_2', 'RV_472\r'),
('id_473', 'V_13', 2018, 419, 23935, 'BD_3', 'RV_473\r'),
('id_474', 'V_13', 2018, 32987, 4583, 'BD_4', 'RV_474\r'),
('id_475', 'V_13', 2018, 36888, 52686, 'BD_2', 'RV_475\r'),
('id_476', 'V_13', 2019, 39835, 31471, 'BD_2', 'RV_476\r'),
('id_477', 'V_13', 2020, 40552, 34973, 'BD_2', 'RV_477\r'),
('id_478', 'V_13', 2018, 34354, 46042, 'BD_2', 'RV_478\r'),
('id_479', 'V_13', 2018, 36929, 6045, 'BD_2', 'RV_479\r'),
('id_48', 'V_1', 2019, 47466, 24014, 'BD_2', 'RV_48\r'),
('id_480', 'V_13', 2019, 38995, 25987, 'BD_2', 'RV_480\r'),
('id_481', 'V_13', 2019, 39539, 34414, 'BD_2', 'RV_481\r'),
('id_482', 'V_13', 2019, 39015, 11988, 'BD_2', 'RV_482\r'),
('id_483', 'V_13', 2019, 38099, 58811, 'BD_2', 'RV_483\r'),
('id_484', 'V_13', 2019, 40947, 21481, 'BD_2', 'RV_484\r'),
('id_485', 'V_13', 2019, 39997, 28717, 'BD_2', 'RV_485\r'),
('id_486', 'V_13', 2019, 38996, 12298, 'BD_2', 'RV_486\r'),
('id_487', 'V_13', 2018, 34798, 37955, 'BD_2', 'RV_487\r'),
('id_488', 'V_13', 2019, 3699, 561, 'BD_2', 'RV_488\r'),
('id_489', 'V_13', 2019, 40256, 62057, 'BD_2', 'RV_489\r'),
('id_49', 'V_1', 2017, 41996, 43402, 'BD_2', 'RV_49\r'),
('id_490', 'V_13', 2018, 36891, 21973, 'BD_3', 'RV_490\r'),
('id_491', 'V_13', 2020, 38159, 60101, 'BD_2', 'RV_491\r'),
('id_492', 'V_13', 2019, 38691, 21011, 'BD_2', 'RV_492\r'),
('id_493', 'V_13', 2018, 3799, 357, 'BD_2', 'RV_493\r'),
('id_494', 'V_13', 2019, 38972, 43899, 'BD_2', 'RV_494\r'),
('id_495', 'V_13', 2016, 28991, 66778, 'BD_3', 'RV_495\r'),
('id_496', 'V_13', 2018, 3545, 32591, 'BD_2', 'RV_496\r'),
('id_497', 'V_13', 2016, 27908, 86749, 'BD_3', 'RV_497\r'),
('id_498', 'V_13', 2019, 41853, 19001, 'BD_3', 'RV_498\r'),
('id_499', 'V_13', 2020, 41451, 15, 'BD_2', 'RV_499\r'),
('id_5', 'V_1', 2018, 47134, 34722, 'BD_2', 'RV_5\r'),
('id_50', 'V_1', 2017, 39708, 60069, 'BD_3', 'RV_50\r'),
('id_500', 'V_13', 2018, 37999, 27553, 'BD_2', 'RV_500\r'),
('id_501', 'V_13', 2017, 325, 49867, 'BD_2', 'RV_501\r'),
('id_502', 'V_13', 2018, 37551, 21728, 'BD_2', 'RV_502\r'),
('id_503', 'V_13', 2019, 41257, 20866, 'BD_2', 'RV_503\r'),
('id_504', 'V_13', 2018, 3599, 33473, 'BD_2', 'RV_504\r'),
('id_505', 'V_13', 2018, 38311, 34292, 'BD_2', 'RV_505\r'),
('id_506', 'V_13', 2017, 34999, 62166, 'BD_3', 'RV_506\r'),
('id_507', 'V_13', 2019, 41131, 26826, 'BD_2', 'RV_507\r'),
('id_508', 'V_13', 2019, 37993, 46602, 'BD_2', 'RV_508\r'),
('id_509', 'V_13', 2019, 4089, 18315, 'BD_2', 'RV_509\r'),
('id_51', 'V_1', 2018, 45991, 37173, 'BD_3', 'RV_51\r'),
('id_510', 'V_13', 2018, 34, 27271, 'BD_2', 'RV_510\r'),
('id_511', 'V_13', 2019, 42333, 36003, 'BD_3', 'RV_511\r'),
('id_512', 'V_13', 2016, 285, 8444, 'BD_4', 'RV_512\r'),
('id_513', 'V_13', 2017, 30328, 82756, 'BD_2', 'RV_513\r'),
('id_514', 'V_13', 2016, 28995, 67152, 'BD_3', 'RV_514\r'),
('id_515', 'V_13', 2018, 34985, 42106, 'BD_2', 'RV_515\r'),
('id_516', 'V_13', 2019, 38989, 1757, 'BD_2', 'RV_516\r'),
('id_517', 'V_13', 2018, 40211, 15693, 'BD_2', 'RV_517\r'),
('id_518', 'V_13', 2018, 365, 23945, 'BD_4', 'RV_518\r'),
('id_519', 'V_13', 2019, 41603, 18325, 'BD_2', 'RV_519\r'),
('id_52', 'V_1', 2019, 41467, 49674, 'BD_2', 'RV_52\r'),
('id_520', 'V_13', 2016, 3595, 44971, 'BD_5', 'RV_520\r'),
('id_521', 'V_13', 2019, 3848, 45134, 'BD_2', 'RV_521\r'),
('id_522', 'V_13', 2019, 419, 30163, 'BD_3', 'RV_522\r'),
('id_523', 'V_13', 2016, 27881, 1070847, 'BD_6', 'RV_523\r'),
('id_524', 'V_13', 2018, 36094, 22548, 'BD_2', 'RV_524\r'),
('id_525', 'V_13', 2020, 42819, 11216, 'BD_2', 'RV_525\r'),
('id_526', 'V_13', 2016, 24874, 116524, 'BD_2', 'RV_526\r'),
('id_527', 'V_13', 2016, 35991, 4938, 'BD_2', 'RV_527\r'),
('id_528', 'V_13', 2018, 35121, 47887, 'BD_4', 'RV_528\r'),
('id_529', 'V_13', 2016, 25997, 1120688, 'BD_3', 'RV_529\r'),
('id_53', 'V_1', 2020, 45995, 15637, 'BD_2', 'RV_53\r'),
('id_530', 'V_13', 2019, 36085, 30611, 'BD_2', 'RV_530\r'),
('id_531', 'V_13', 2017, 35126, 43314, 'BD_2', 'RV_531\r'),
('id_532', 'V_13', 2019, 36699, 18143, 'BD_2', 'RV_532\r'),
('id_533', 'V_13', 2017, 33987, 22779, 'BD_4', 'RV_533\r'),
('id_534', 'V_13', 2016, 2625, 1110450, 'BD_3', 'RV_534\r'),
('id_535', 'V_13', 2020, 41467, 48525, 'BD_4', 'RV_535\r'),
('id_536', 'V_13', 2020, 43981, 16152, 'BD_2', 'RV_536\r'),
('id_537', 'V_13', 2019, 395, 38976, 'BD_2', 'RV_537\r'),
('id_538', 'V_13', 2020, 42999, 17391, 'BD_3', 'RV_538\r'),
('id_539', 'V_13', 2020, 43988, 33356, 'BD_2', 'RV_539\r'),
('id_54', 'V_1', 2016, 42991, 44834, 'BD_2', 'RV_54\r'),
('id_540', 'V_13', 2019, 39768, 15088, 'BD_2', 'RV_540\r'),
('id_541', 'V_13', 2015, 2245, 152865, 'BD_1', 'RV_541\r'),
('id_542', 'V_23', 2021, 47899, 7468, 'BD_2', 'RV_542\r'),
('id_543', 'V_23', 2021, 47899, 3443, 'BD_2', 'RV_543\r'),
('id_544', 'V_23', 2021, 45995, 19995, 'BD_3', 'RV_544\r'),
('id_545', '', 2008, 3625, 1020702, 'BD_6', 'RV_545\r'),
('id_546', '', 2002, 9988, 293420, 'BD_6', 'RV_546\r'),
('id_547', '', 2021, 0, 8609, 'BD_6', 'RV_547\r'),
('id_548', '', 2008, 24545, 266178, 'BD_2', 'RV_548\r'),
('id_549', 'V_26', 2021, 0, 9383, 'BD_6', 'RV_549\r'),
('id_55', 'V_1', 2017, 38, 82497, 'BD_3', 'RV_55\r'),
('id_550', 'V_26', 2020, 96626, 23597, 'BD_3', 'RV_550\r'),
('id_551', 'V_32', 2020, 0, 25727, 'BD_6', 'RV_551\r'),
('id_552', 'V_33', 2013, 61, 1343, 'BD_3', 'RV_552\r'),
('id_553', 'V_33', 2013, 551, 4963, 'BD_4', 'RV_553\r'),
('id_554', 'V_33', 2015, 52988, 1050776, 'BD_4', 'RV_554\r'),
('id_555', 'V_33', 2014, 4895, 91651, 'BD_6', 'RV_555\r'),
('id_556', 'V_33', 2009, 369, 1070614, 'BD_1', 'RV_556\r'),
('id_557', 'V_33', 2013, 4499, 1120456, 'BD_1', 'RV_557\r'),
('id_558', 'V_33', 2013, 5499, 71937, 'BD_5', 'RV_558\r'),
('id_559', 'V_33', 2013, 42, 121453, 'BD_6', 'RV_559\r'),
('id_56', 'V_1', 2017, 44376, 47077, 'BD_3', 'RV_56\r'),
('id_560', 'V_33', 2013, 54975, 85527, 'BD_4', 'RV_560\r'),
('id_561', 'V_33', 2013, 34, 171661, 'BD_6', 'RV_561\r'),
('id_562', 'V_33', 2019, 93935, 31529, 'BD_3', 'RV_562\r'),
('id_563', '', 2007, 8, 74132, 'BD_5', 'RV_563\r'),
('id_564', 'V_26', 2018, 19999, 3461, 'BD_2', 'RV_564\r'),
('id_565', 'V_26', 2019, 2295, 19279, 'BD_2', 'RV_565\r'),
('id_566', '', 2007, 11975, 54168, 'BD_5', 'RV_566\r'),
('id_567', '', 2007, 10975, 7792, 'BD_6', 'RV_567\r'),
('id_568', 'V_35', 2014, 9995, 76322, 'BD_2', 'RV_568\r'),
('id_569', 'V_36', 2016, 18988, 88677, 'BD_6', 'RV_569\r'),
('id_57', 'V_1', 2018, 4669, 33122, 'BD_3', 'RV_57\r'),
('id_570', 'V_37', 2011, 11995, 1100209, 'BD_3', 'RV_570\r'),
('id_571', 'V_37', 2010, 7995, 190884, 'BD_2', 'RV_571\r'),
('id_572', 'V_20', 2019, 27558, 2566, 'BD_3', 'RV_572\r'),
('id_573', 'V_17', 2019, 26397, 48973, 'BD_2', 'RV_573\r'),
('id_574', 'V_38', 2018, 2798, 42919, 'BD_2', 'RV_574\r'),
('id_575', 'V_38', 2018, 28498, 48627, 'BD_2', 'RV_575\r'),
('id_576', 'V_38', 2017, 30999, 34386, 'BD_2', 'RV_576\r'),
('id_577', 'V_39', 2019, 26999, 25803, 'BD_3', 'RV_577\r'),
('id_578', 'V_40', 2016, 27588, 39185, 'BD_3', 'RV_578\r'),
('id_579', 'V_12', 2009, 6995, 1010296, 'BD_4', 'RV_579\r'),
('id_58', 'V_1', 2020, 62997, 16162, 'BD_6', 'RV_58\r'),
('id_580', 'V_41', 2017, 18995, 45968, 'BD_4', 'RV_580\r'),
('id_581', 'V_41', 2017, 20248, 73648, 'BD_3', 'RV_581\r'),
('id_582', 'V_41', 2015, 14335, 1090590, 'BD_2', 'RV_582\r'),
('id_583', 'V_41', 2017, 24998, 53569, 'BD_3', 'RV_583\r'),
('id_584', 'V_41', 2014, 11488, 136362, 'BD_6', 'RV_584\r'),
('id_585', 'V_41', 2017, 13995, 127649, 'BD_4', 'RV_585\r'),
('id_586', 'V_41', 2018, 18446, 83739, 'BD_2', 'RV_586\r'),
('id_587', 'V_41', 2013, 13, 1050511, 'BD_4', 'RV_587\r'),
('id_588', 'V_42', 2016, 16995, 49284, 'BD_2', 'RV_588\r'),
('id_589', 'V_42', 2016, 20499, 58013, 'BD_2', 'RV_589\r'),
('id_59', 'V_1', 2017, 37391, 65052, 'BD_2', 'RV_59\r'),
('id_590', 'V_43', 2013, 9995, 131350, 'BD_3', 'RV_590\r'),
('id_591', 'null', 2005, 7994, 115535, 'BD_6', 'RV_591\r'),
('id_592', 'V_44', 2018, 2999, 56779, 'BD_2', 'RV_592\r'),
('id_593', 'V_26', 2007, 5999, 2050324, 'BD_4', 'RV_593\r'),
('id_594', 'V_26', 2008, 799, 148737, 'BD_6', 'RV_594\r'),
('id_595', 'V_10', 2018, 37997, 14968, 'BD_2', 'RV_595\r'),
('id_596', 'V_10', 2020, 419, 31967, 'BD_2', 'RV_596\r'),
('id_597', 'V_10', 2016, 28415, 35473, 'BD_2', 'RV_597\r'),
('id_598', 'V_10', 2018, 33991, 31237, 'BD_2', 'RV_598\r'),
('id_599', 'V_10', 2017, 31682, 47584, 'BD_3', 'RV_599\r'),
('id_6', 'V_1', 2015, 378, 60423, 'BD_2', 'RV_6\r'),
('id_60', 'V_1', 2019, 38959, 88026, 'BD_2', 'RV_60\r'),
('id_600', 'V_10', 2017, 29992, 37508, 'BD_2', 'RV_600\r'),
('id_601', 'V_10', 2017, 28977, 62899, 'BD_2', 'RV_601\r'),
('id_602', 'V_10', 2016, 28499, 44318, 'BD_2', 'RV_602\r'),
('id_603', 'V_10', 2017, 31688, 31804, 'BD_3', 'RV_603\r'),
('id_604', 'V_10', 2018, 24998, 62669, 'BD_4', 'RV_604\r'),
('id_605', 'V_10', 2018, 33991, 2294, 'BD_2', 'RV_605\r'),
('id_606', 'V_29', 2018, 29999, 45414, 'BD_2', 'RV_606\r'),
('id_607', 'V_29', 2019, 36981, 11872, 'BD_2', 'RV_607\r'),
('id_608', 'V_45', 2021, 3899, 481, 'BD_2', 'RV_608\r'),
('id_609', 'V_46', 2021, 419, 33585, 'BD_2', 'RV_609\r'),
('id_61', 'V_1', 2016, 31438, 73999, 'BD_4', 'RV_61\r'),
('id_610', 'V_46', 2021, 435, 596, 'BD_2', 'RV_610\r'),
('id_611', 'V_46', 2019, 44988, 18005, 'BD_3', 'RV_611\r'),
('id_612', 'V_46', 2019, 375, 46425, 'BD_2', 'RV_612\r'),
('id_613', 'V_17', 2020, 28989, 49234, 'BD_2', 'RV_613\r'),
('id_614', 'V_17', 2017, 18992, 7446, 'BD_2', 'RV_614\r'),
('id_615', 'V_17', 2017, 23891, 6835, 'BD_4', 'RV_615\r'),
('id_616', 'V_17', 2015, 16995, 62879, 'BD_2', 'RV_616\r'),
('id_617', 'V_17', 2017, 26999, 265, 'BD_3', 'RV_617\r'),
('id_618', 'V_17', 2018, 24308, 3277, 'BD_4', 'RV_618\r'),
('id_619', 'V_17', 2017, 22965, 75228, 'BD_3', 'RV_619\r'),
('id_62', 'V_1', 2020, 5655, 10732, 'BD_7', 'RV_62\r'),
('id_620', 'V_17', 2018, 30991, 27312, 'BD_1', 'RV_620\r'),
('id_621', 'V_17', 2021, 32995, 9653, 'BD_2', 'RV_621\r'),
('id_622', 'V_17', 2015, 2195, 51936, 'BD_2', 'RV_622\r'),
('id_623', 'V_17', 2017, 21499, 73248, 'BD_2', 'RV_623\r'),
('id_624', 'V_17', 2017, 25156, 1002, 'BD_3', 'RV_624\r'),
('id_625', 'V_17', 2020, 32995, 1881, 'BD_2', 'RV_625\r'),
('id_626', 'V_17', 2015, 21499, 6348, 'BD_2', 'RV_626\r'),
('id_627', 'V_17', 2020, 27975, 47027, 'BD_2', 'RV_627\r'),
('id_628', 'V_17', 2018, 27955, 14344, 'BD_3', 'RV_628\r'),
('id_629', 'V_17', 2020, 31, 13944, 'BD_4', 'RV_629\r'),
('id_63', 'V_1', 2016, 35274, 69359, 'BD_2', 'RV_63\r'),
('id_630', 'V_17', 2017, 23999, 46983, 'BD_4', 'RV_630\r'),
('id_631', 'V_17', 2018, 25689, 37886, 'BD_2', 'RV_631\r'),
('id_632', 'V_17', 2018, 26998, 39115, 'BD_2', 'RV_632\r'),
('id_633', 'V_17', 2018, 26994, 30562, 'BD_4', 'RV_633\r'),
('id_634', 'V_17', 2020, 30864, 12906, 'BD_2', 'RV_634\r'),
('id_635', 'V_17', 2017, 23244, 65109, 'BD_2', 'RV_635\r'),
('id_636', 'V_17', 2021, 31, 19374, 'BD_4', 'RV_636\r'),
('id_637', 'V_17', 2018, 25695, 41826, 'BD_3', 'RV_637\r'),
('id_638', 'V_17', 2021, 37985, 10969, 'BD_2', 'RV_638\r'),
('id_639', 'V_17', 2018, 26639, 39141, 'BD_3', 'RV_639\r'),
('id_64', 'V_1', 2019, 4649, 30408, 'BD_2', 'RV_64\r'),
('id_640', 'V_17', 2018, 28995, 42141, 'BD_3', 'RV_640\r'),
('id_641', 'V_17', 2018, 2852, 38956, 'BD_3', 'RV_641\r'),
('id_642', 'V_17', 2018, 23995, 34089, 'BD_2', 'RV_642\r'),
('id_643', 'V_17', 2018, 27, 4885, 'BD_6', 'RV_643\r'),
('id_644', 'V_17', 2018, 2498, 34433, 'BD_2', 'RV_644\r'),
('id_645', 'V_17', 2020, 30555, 36981, 'BD_2', 'RV_645\r'),
('id_646', 'V_17', 2018, 30998, 2677, 'BD_3', 'RV_646\r'),
('id_647', 'V_17', 2021, 34455, 2881, 'BD_2', 'RV_647\r'),
('id_648', 'V_17', 2018, 2759, 30741, 'BD_2', 'RV_648\r'),
('id_649', 'V_17', 2018, 259, 14657, 'BD_2', 'RV_649\r'),
('id_65', 'V_1', 2019, 44391, 39136, 'BD_2', 'RV_65\r'),
('id_650', 'V_17', 2015, 21487, 17782, 'BD_3', 'RV_650\r'),
('id_651', 'V_17', 2020, 34888, 1131, 'BD_3', 'RV_651\r'),
('id_652', 'V_17', 2018, 25348, 45016, 'BD_3', 'RV_652\r'),
('id_653', 'V_17', 2018, 26989, 19748, 'BD_3', 'RV_653\r'),
('id_654', 'V_17', 2018, 2249, 84553, 'BD_3', 'RV_654\r'),
('id_655', 'V_17', 2021, 3072, 16405, 'BD_2', 'RV_655\r'),
('id_656', 'V_17', 2018, 25989, 31885, 'BD_2', 'RV_656\r'),
('id_657', 'V_17', 2018, 255, 32883, 'BD_2', 'RV_657\r'),
('id_658', 'V_17', 2018, 27988, 32738, 'BD_3', 'RV_658\r'),
('id_659', 'V_17', 2018, 29637, 22423, 'BD_2', 'RV_659\r'),
('id_66', 'V_1', 2017, 41894, 36361, 'BD_2', 'RV_66\r'),
('id_660', 'V_17', 2017, 22887, 61144, 'BD_2', 'RV_660\r'),
('id_661', 'V_17', 2020, 29575, 45251, 'BD_3', 'RV_661\r'),
('id_662', 'V_17', 2018, 28977, 66623, 'BD_7', 'RV_662\r'),
('id_663', 'V_17', 2020, 32, 18273, 'BD_2', 'RV_663\r'),
('id_664', 'V_17', 2018, 27347, 34413, 'BD_3', 'RV_664\r'),
('id_665', 'V_17', 2018, 24889, 3165, 'BD_2', 'RV_665\r'),
('id_666', 'V_17', 2018, 26909, 34482, 'BD_3', 'RV_666\r'),
('id_667', 'V_17', 2018, 258, 39426, 'BD_2', 'RV_667\r'),
('id_668', 'V_17', 2018, 26848, 30536, 'BD_3', 'RV_668\r'),
('id_669', 'V_17', 2018, 24996, 24652, 'BD_3', 'RV_669\r'),
('id_67', 'V_1', 2019, 45998, 41753, 'BD_2', 'RV_67\r'),
('id_670', 'V_17', 2018, 27975, 36117, 'BD_3', 'RV_670\r'),
('id_671', 'V_17', 2021, 32934, 13365, 'BD_4', 'RV_671\r'),
('id_672', 'V_17', 2018, 22492, 74712, 'BD_4', 'RV_672\r'),
('id_673', 'V_17', 2018, 25168, 3587, 'BD_3', 'RV_673\r'),
('id_674', 'V_17', 2020, 35991, 19048, 'BD_2', 'RV_674\r'),
('id_675', 'V_17', 2018, 26878, 47349, 'BD_2', 'RV_675\r'),
('id_676', 'V_17', 2018, 26987, 24408, 'BD_2', 'RV_676\r'),
('id_677', 'V_17', 2018, 269, 14861, 'BD_2', 'RV_677\r'),
('id_678', 'V_17', 2021, 32932, 15017, 'BD_2', 'RV_678\r'),
('id_679', 'V_17', 2018, 24139, 30724, 'BD_2', 'RV_679\r'),
('id_68', 'V_1', 2017, 39795, 78236, 'BD_3', 'RV_68\r'),
('id_680', 'V_17', 2018, 255, 38453, 'BD_2', 'RV_680\r'),
('id_681', 'V_17', 2018, 26882, 37514, 'BD_2', 'RV_681\r'),
('id_682', 'V_17', 2018, 27994, 34695, 'BD_2', 'RV_682\r'),
('id_683', 'V_17', 2020, 32982, 10339, 'BD_2', 'RV_683\r'),
('id_684', 'V_17', 2018, 26251, 25973, 'BD_2', 'RV_684\r'),
('id_685', 'V_17', 2018, 21393, 82928, 'BD_4', 'RV_685\r'),
('id_686', 'V_17', 2021, 34993, 10005, 'BD_2', 'RV_686\r'),
('id_687', 'V_17', 2018, 275, 3761, 'BD_4', 'RV_687\r'),
('id_688', 'V_17', 2020, 31994, 15667, 'BD_2', 'RV_688\r'),
('id_689', 'V_17', 2018, 27139, 33064, 'BD_3', 'RV_689\r'),
('id_69', 'V_1', 2019, 47, 15543, 'BD_2', 'RV_69\r'),
('id_690', 'V_17', 2020, 32927, 14708, 'BD_2', 'RV_690\r'),
('id_691', 'V_17', 2018, 28975, 2416, 'BD_2', 'RV_691\r'),
('id_692', 'V_1', 2018, 28459, 3002, 'BD_4', 'RV_692\r'),
('id_693', 'V_1', 2018, 319, 4196, 'BD_2', 'RV_693\r'),
('id_694', 'V_1', 2015, 21997, 88398, 'BD_3', 'RV_694\r'),
('id_695', 'V_1', 2018, 30791, 1901, 'BD_3', 'RV_695\r'),
('id_696', 'V_1', 2018, 29715, 42954, 'BD_2', 'RV_696\r'),
('id_697', 'V_1', 2018, 31112, 29837, 'BD_2', 'RV_697\r'),
('id_698', 'V_1', 2019, 39474, 34975, 'BD_3', 'RV_698\r'),
('id_699', 'V_1', 2018, 317, 14736, 'BD_4', 'RV_699\r'),
('id_7', 'V_1', 2008, 179, 122000, 'BD_2', 'RV_7\r'),
('id_70', 'V_1', 2018, 39049, 70603, 'BD_4', 'RV_70\r'),
('id_700', 'V_1', 2018, 29495, 21384, 'BD_2', 'RV_700\r'),
('id_701', 'V_1', 2018, 29688, 88542, 'BD_2', 'RV_701\r'),
('id_702', 'V_1', 2017, 31999, 30041, 'BD_2', 'RV_702\r'),
('id_703', 'V_1', 2014, 22591, 6924, 'BD_2', 'RV_703\r'),
('id_704', 'V_1', 2018, 30642, 22201, 'BD_2', 'RV_704\r'),
('id_705', 'V_1', 2019, 43995, 30936, 'BD_7', 'RV_705\r'),
('id_706', 'V_1', 2019, 33991, 37672, 'BD_4', 'RV_706\r'),
('id_707', 'V_1', 2019, 3879, 31634, 'BD_3', 'RV_707\r'),
('id_708', 'V_1', 2018, 31981, 2947, 'BD_2', 'RV_708\r'),
('id_709', 'V_1', 2017, 28987, 39523, 'BD_2', 'RV_709\r'),
('id_71', 'V_1', 2014, 31488, 87134, 'BD_2', 'RV_71\r'),
('id_710', 'V_1', 2017, 29744, 3477, 'BD_2', 'RV_710\r'),
('id_711', 'V_1', 2018, 305, 51096, 'BD_4', 'RV_711\r'),
('id_712', 'V_1', 2019, 37492, 15236, 'BD_3', 'RV_712\r'),
('id_713', 'V_1', 2017, 27421, 95322, 'BD_1', 'RV_713\r'),
('id_714', 'V_1', 2018, 33846, 12932, 'BD_2', 'RV_714\r'),
('id_715', 'V_1', 2018, 298, 3346, 'BD_4', 'RV_715\r'),
('id_716', 'V_1', 2017, 24398, 75057, 'BD_2', 'RV_716\r'),
('id_717', 'V_1', 2018, 29799, 35215, 'BD_2', 'RV_717\r'),
('id_718', 'V_1', 2015, 18491, 140873, 'BD_5', 'RV_718\r'),
('id_719', 'V_1', 2017, 29263, 44094, 'BD_2', 'RV_719\r'),
('id_72', 'V_1', 2018, 43546, 23882, 'BD_2', 'RV_72\r'),
('id_720', 'V_1', 2018, 30916, 32418, 'BD_4', 'RV_720\r'),
('id_721', 'V_1', 2019, 3596, 133, 'BD_2', 'RV_721\r'),
('id_722', 'V_1', 2016, 25388, 45501, 'BD_4', 'RV_722\r'),
('id_723', 'V_1', 2019, 38588, 23521, 'BD_2', 'RV_723\r'),
('id_724', 'V_1', 2018, 28947, 38732, 'BD_2', 'RV_724\r'),
('id_725', 'V_1', 2015, 20494, 57793, 'BD_2', 'RV_725\r'),
('id_726', 'V_1', 2015, 22666, 70652, 'BD_3', 'RV_726\r'),
('id_727', 'V_21', 2018, 315, 19359, 'BD_7', 'RV_727\r'),
('id_728', 'V_21', 2017, 27, 47874, 'BD_2', 'RV_728\r'),
('id_729', 'V_21', 2018, 29299, 41779, 'BD_2', 'RV_729\r'),
('id_73', 'V_1', 2020, 48491, 14643, 'BD_2', 'RV_73\r'),
('id_730', 'V_5', 2012, 14491, 90295, 'BD_4', 'RV_730\r'),
('id_731', 'V_13', 2018, 27191, 50325, 'BD_2', 'RV_731\r'),
('id_732', 'V_13', 2018, 2775, 5696, 'BD_2', 'RV_732\r'),
('id_733', 'V_13', 2013, 14999, 150432, 'BD_2', 'RV_733\r'),
('id_734', 'V_13', 2017, 25706, 55043, 'BD_2', 'RV_734\r'),
('id_735', 'V_13', 2017, 245, 36162, 'BD_2', 'RV_735\r'),
('id_736', 'V_13', 2018, 26245, 46789, 'BD_2', 'RV_736\r'),
('id_737', 'V_13', 2018, 25995, 10493, 'BD_4', 'RV_737\r'),
('id_738', 'V_13', 2018, 29135, 16911, 'BD_2', 'RV_738\r'),
('id_739', 'V_13', 2019, 32739, 25517, 'BD_3', 'RV_739\r'),
('id_74', 'V_1', 2018, 40895, 66746, 'BD_2', 'RV_74\r'),
('id_740', 'V_13', 2018, 27995, 30351, 'BD_4', 'RV_740\r'),
('id_741', 'V_13', 2018, 28982, 35102, 'BD_4', 'RV_741\r'),
('id_742', 'V_13', 2019, 31499, 12489, 'BD_2', 'RV_742\r'),
('id_743', 'V_13', 2018, 28795, 28633, 'BD_2', 'RV_743\r'),
('id_744', 'V_13', 2018, 26319, 39923, 'BD_2', 'RV_744\r'),
('id_745', 'V_13', 2020, 33874, 15405, 'BD_2', 'RV_745\r'),
('id_746', 'V_13', 2018, 2369, 48188, 'BD_2', 'RV_746\r'),
('id_747', 'V_13', 2020, 35457, 21617, 'BD_2', 'RV_747\r'),
('id_748', 'V_13', 2020, 27894, 44129, 'BD_4', 'RV_748\r'),
('id_749', 'V_13', 2020, 3199, 48031, 'BD_4', 'RV_749\r'),
('id_75', 'V_1', 2018, 434, 92372, 'BD_3', 'RV_75\r'),
('id_750', 'V_13', 2018, 34734, 20805, 'BD_7', 'RV_750\r'),
('id_751', 'V_13', 2015, 20, 1092001, 'BD_3', 'RV_751\r'),
('id_752', 'V_13', 2021, 352, 14863, 'BD_2', 'RV_752\r'),
('id_753', 'V_13', 2020, 33591, 3002, 'BD_2', 'RV_753\r'),
('id_754', 'V_13', 2019, 32508, 20319, 'BD_2', 'RV_754\r'),
('id_755', 'V_13', 2018, 26581, 55197, 'BD_4', 'RV_755\r'),
('id_756', 'V_13', 2018, 28991, 26254, 'BD_2', 'RV_756\r'),
('id_757', 'V_13', 2018, 23595, 58888, 'BD_3', 'RV_757\r'),
('id_758', 'V_13', 2018, 2753, 36107, 'BD_2', 'RV_758\r'),
('id_759', 'V_13', 2018, 26999, 37825, 'BD_4', 'RV_759\r'),
('id_76', 'V_1', 2012, 28999, 63233, 'BD_2', 'RV_76\r'),
('id_760', 'V_13', 2021, 39624, 1243, 'BD_3', 'RV_760\r'),
('id_761', 'V_13', 2018, 29243, 48048, 'BD_2', 'RV_761\r'),
('id_762', 'V_13', 2018, 26995, 19703, 'BD_4', 'RV_762\r'),
('id_763', 'V_13', 2018, 30, 40754, 'BD_2', 'RV_763\r'),
('id_764', 'V_13', 2018, 26431, 68672, 'BD_2', 'RV_764\r'),
('id_765', 'V_13', 2018, 28995, 1873, 'BD_2', 'RV_765\r'),
('id_766', 'V_13', 2021, 3826, 11337, 'BD_2', 'RV_766\r'),
('id_767', 'V_13', 2018, 29555, 14272, 'BD_2', 'RV_767\r'),
('id_768', 'V_13', 2018, 30675, 15078, 'BD_2', 'RV_768\r'),
('id_769', 'V_13', 2018, 27616, 34595, 'BD_2', 'RV_769\r'),
('id_77', 'V_1', 2018, 47097, 47455, 'BD_3', 'RV_77\r'),
('id_770', 'V_13', 2018, 265, 82942, 'BD_2', 'RV_770\r'),
('id_771', 'V_13', 2018, 28141, 39034, 'BD_2', 'RV_771\r'),
('id_772', 'V_13', 2018, 27228, 35862, 'BD_2', 'RV_772\r'),
('id_773', 'V_13', 2018, 27495, 32624, 'BD_2', 'RV_773\r'),
('id_774', 'V_13', 2019, 35999, 27192, 'BD_3', 'RV_774\r'),
('id_775', 'V_13', 2018, 29658, 30397, 'BD_2', 'RV_775\r'),
('id_776', 'V_13', 2018, 289, 35102, 'BD_3', 'RV_776\r'),
('id_777', 'V_13', 2018, 2854, 30352, 'BD_2', 'RV_777\r'),
('id_778', 'V_13', 2021, 37981, 14218, 'BD_4', 'RV_778\r'),
('id_779', 'V_13', 2018, 29988, 31417, 'BD_2', 'RV_779\r'),
('id_78', 'V_1', 2018, 43998, 48843, 'BD_2', 'RV_78\r'),
('id_780', 'V_13', 2018, 24995, 36881, 'BD_4', 'RV_780\r'),
('id_781', 'V_13', 2018, 28139, 18503, 'BD_3', 'RV_781\r'),
('id_782', 'V_13', 2018, 25999, 17703, 'BD_2', 'RV_782\r'),
('id_783', 'V_13', 2018, 27491, 18761, 'BD_2', 'RV_783\r'),
('id_784', 'V_13', 2018, 29282, 21902, 'BD_2', 'RV_784\r'),
('id_785', 'V_13', 2018, 24888, 62638, 'BD_4', 'RV_785\r'),
('id_786', 'V_13', 2019, 32645, 28321, 'BD_2', 'RV_786\r'),
('id_787', 'V_13', 2019, 30374, 4642, 'BD_2', 'RV_787\r'),
('id_788', 'V_13', 2018, 30896, 31813, 'BD_2', 'RV_788\r'),
('id_789', 'V_13', 2018, 28739, 38919, 'BD_2', 'RV_789\r'),
('id_79', 'V_1', 2018, 40824, 37897, 'BD_2', 'RV_79\r'),
('id_790', 'V_13', 2018, 27495, 39194, 'BD_2', 'RV_790\r'),
('id_791', 'V_13', 2018, 25989, 46101, 'BD_2', 'RV_791\r'),
('id_792', 'V_13', 2021, 36874, 1104, 'BD_2', 'RV_792\r'),
('id_793', 'V_13', 2017, 26978, 45947, 'BD_4', 'RV_793\r'),
('id_794', 'V_13', 2018, 28995, 31863, 'BD_2', 'RV_794\r'),
('id_795', 'V_13', 2020, 33495, 39303, 'BD_2', 'RV_795\r'),
('id_796', 'V_13', 2019, 29995, 53012, 'BD_2', 'RV_796\r'),
('id_797', 'V_13', 2018, 25699, 29556, 'BD_2', 'RV_797\r'),
('id_798', 'V_13', 2015, 2149, 3071, 'BD_2', 'RV_798\r'),
('id_799', 'V_13', 2018, 28, 41373, 'BD_2', 'RV_799\r'),
('id_8', 'V_1', 2018, 44073, 38908, 'BD_2', 'RV_8\r'),
('id_80', 'V_1', 2018, 41442, 50723, 'BD_4', 'RV_80\r'),
('id_800', 'V_13', 2018, 27691, 38569, 'BD_2', 'RV_800\r'),
('id_801', 'V_13', 2017, 21995, 55865, 'BD_2', 'RV_801\r'),
('id_802', 'V_13', 2019, 31941, 46819, 'BD_2', 'RV_802\r'),
('id_803', 'V_13', 2019, 30599, 19618, 'BD_2', 'RV_803\r'),
('id_804', 'V_13', 2018, 30, 23076, 'BD_2', 'RV_804\r'),
('id_805', 'V_13', 2018, 28959, 34046, 'BD_4', 'RV_805\r'),
('id_806', 'V_13', 2018, 289, 2989, 'BD_2', 'RV_806\r'),
('id_807', 'V_13', 2018, 27979, 19169, 'BD_4', 'RV_807\r'),
('id_808', 'V_13', 2018, 27998, 34209, 'BD_2', 'RV_808\r'),
('id_809', 'V_13', 2018, 27383, 56348, 'BD_4', 'RV_809\r'),
('id_81', 'V_1', 2019, 49981, 4816, 'BD_3', 'RV_81\r'),
('id_810', 'V_13', 2018, 27595, 16766, 'BD_2', 'RV_810\r'),
('id_811', 'V_13', 2021, 36177, 1218, 'BD_2', 'RV_811\r'),
('id_812', 'V_13', 2018, 28595, 45418, 'BD_2', 'RV_812\r'),
('id_813', 'V_13', 2018, 26929, 30913, 'BD_2', 'RV_813\r'),
('id_814', 'V_13', 2018, 27724, 31696, 'BD_2', 'RV_814\r'),
('id_815', 'V_13', 2018, 3075, 19529, 'BD_2', 'RV_815\r'),
('id_816', 'V_13', 2018, 28, 32919, 'BD_2', 'RV_816\r'),
('id_817', 'V_13', 2018, 24298, 33213, 'BD_4', 'RV_817\r'),
('id_818', 'V_13', 2018, 26989, 45467, 'BD_2', 'RV_818\r'),
('id_819', 'V_13', 2018, 30, 19877, 'BD_2', 'RV_819\r'),
('id_82', 'V_1', 2018, 41992, 28236, 'BD_2', 'RV_82\r'),
('id_820', 'V_13', 2021, 33757, 14226, 'BD_4', 'RV_820\r'),
('id_821', 'V_13', 2019, 3288, 14733, 'BD_3', 'RV_821\r'),
('id_822', 'V_13', 2021, 33991, 39045, 'BD_2', 'RV_822\r'),
('id_823', 'V_13', 2018, 30992, 35007, 'BD_4', 'RV_823\r'),
('id_824', 'V_13', 2018, 2625, 57983, 'BD_3', 'RV_824\r'),
('id_825', 'V_13', 2018, 29989, 35774, 'BD_3', 'RV_825\r'),
('id_826', 'V_13', 2018, 3055, 3141, 'BD_2', 'RV_826\r'),
('id_827', 'V_13', 2020, 376, 43626, 'BD_3', 'RV_827\r'),
('id_828', 'V_13', 2018, 22995, 81262, 'BD_4', 'RV_828\r'),
('id_829', 'V_13', 2018, 2771, 10088, 'BD_2', 'RV_829\r'),
('id_83', 'V_1', 2016, 379, 56727, 'BD_2', 'RV_83\r'),
('id_830', 'V_13', 2017, 31975, 15907, 'BD_2', 'RV_830\r'),
('id_831', 'V_13', 2020, 31977, 19576, 'BD_2', 'RV_831\r'),
('id_832', 'V_13', 2019, 345, 10843, 'BD_3', 'RV_832\r'),
('id_833', 'V_13', 2020, 364, 17392, 'BD_2', 'RV_833\r'),
('id_834', 'V_13', 2018, 29887, 6597, 'BD_3', 'RV_834\r'),
('id_835', 'V_13', 2018, 29995, 30317, 'BD_2', 'RV_835\r'),
('id_836', 'V_13', 2018, 28995, 34983, 'BD_2', 'RV_836\r'),
('id_837', 'V_13', 2018, 28471, 41688, 'BD_2', 'RV_837\r'),
('id_838', 'V_13', 2018, 29474, 1343, 'BD_3', 'RV_838\r'),
('id_839', 'V_13', 2018, 28977, 36697, 'BD_2', 'RV_839\r'),
('id_84', 'V_1', 2016, 39841, 35865, 'BD_3', 'RV_84\r'),
('id_840', 'V_13', 2018, 26191, 38904, 'BD_2', 'RV_840\r'),
('id_841', 'V_13', 2018, 26495, 1175, 'BD_2', 'RV_841\r'),
('id_842', 'V_14', 2019, 34809, 36286, 'BD_2', 'RV_842\r'),
('id_843', 'V_14', 2020, 38994, 13013, 'BD_2', 'RV_843\r'),
('id_844', 'V_14', 2020, 35802, 5462, 'BD_2', 'RV_844\r'),
('id_845', 'V_14', 2020, 44995, 20423, 'BD_3', 'RV_845\r'),
('id_846', 'V_14', 2019, 36356, 49714, 'BD_3', 'RV_846\r'),
('id_847', 'V_14', 2019, 38992, 26522, 'BD_2', 'RV_847\r'),
('id_848', 'V_14', 2019, 37, 25964, 'BD_2', 'RV_848\r'),
('id_849', 'V_14', 2021, 40247, 10058, 'BD_2', 'RV_849\r'),
('id_85', 'V_1', 2018, 45488, 38204, 'BD_2', 'RV_85\r'),
('id_850', 'V_14', 2021, 37985, 117, 'BD_2', 'RV_850\r'),
('id_851', 'V_14', 2019, 36788, 12341, 'BD_2', 'RV_851\r'),
('id_852', 'V_14', 2019, 349, 17918, 'BD_2', 'RV_852\r'),
('id_853', 'V_1', 2002, 9907, 131750, 'BD_1', 'RV_853\r'),
('id_854', 'V_1', 2008, 9995, 258855, 'BD_4', 'RV_854\r'),
('id_855', 'V_1', 2004, 8495, 145111, 'BD_3', 'RV_855\r'),
('id_856', 'V_31', 2019, 51999, 55121, 'BD_4', 'RV_856\r'),
('id_857', 'V_31', 2019, 57999, 54668, 'BD_2', 'RV_857\r'),
('id_858', 'V_31', 2015, 39199, 91857, 'BD_2', 'RV_858\r'),
('id_859', 'V_31', 2015, 3859, 87514, 'BD_2', 'RV_859\r'),
('id_86', 'V_2', 2018, 4195, 8528, 'BD_2', 'RV_86\r'),
('id_860', 'V_31', 2015, 40828, 83694, 'BD_3', 'RV_860\r'),
('id_861', 'V_6', 2019, 49477, 30699, 'BD_3', 'RV_861\r'),
('id_862', 'V_6', 2007, 10995, 155375, 'BD_6', 'RV_862\r'),
('id_863', 'V_6', 2019, 45989, 66251, 'BD_2', 'RV_863\r'),
('id_864', 'V_47', 2019, 58369, 24674, 'BD_3', 'RV_864\r'),
('id_865', '', 2021, 55999, 14687, 'BD_2', 'RV_865\r'),
('id_866', 'V_17', 2021, 48995, 3466, 'BD_3', 'RV_866\r'),
('id_867', 'V_17', 2021, 41455, 23102, 'BD_2', 'RV_867\r'),
('id_868', 'V_17', 2021, 405, 11707, 'BD_2', 'RV_868\r'),
('id_869', 'V_17', 2017, 20936, 118015, 'BD_3', 'RV_869\r'),
('id_87', 'V_3', 2019, 4799, 30289, 'BD_2', 'RV_87\r'),
('id_870', 'V_17', 2015, 2699, 33504, 'BD_3', 'RV_870\r'),
('id_871', 'V_48', 2019, 40844, 3545, 'BD_2', 'RV_871\r'),
('id_872', 'V_48', 2017, 29999, 85823, 'BD_2', 'RV_872\r'),
('id_873', 'V_13', 2017, 30683, 52941, 'BD_4', 'RV_873\r'),
('id_874', 'V_13', 2017, 38811, 33342, 'BD_2', 'RV_874\r'),
('id_875', 'V_13', 2017, 2649, 9073, 'BD_2', 'RV_875\r'),
('id_876', 'V_13', 2019, 3074, 83011, 'BD_2', 'RV_876\r'),
('id_877', 'V_13', 2014, 20989, 92839, 'BD_2', 'RV_877\r'),
('id_878', 'V_13', 2016, 29446, 60378, 'BD_2', 'RV_878\r'),
('id_879', 'V_13', 2016, 33892, 12625, 'BD_2', 'RV_879\r'),
('id_88', 'V_4', 2021, 53991, 3788, 'BD_4', 'RV_88\r'),
('id_880', 'V_13', 2014, 215, 90733, 'BD_3', 'RV_880\r'),
('id_881', 'V_13', 2008, 989, 116025, 'BD_2', 'RV_881\r'),
('id_882', 'V_13', 2020, 33966, 19324, 'BD_4', 'RV_882\r'),
('id_883', 'V_13', 2014, 19524, 116822, 'BD_4', 'RV_883\r'),
('id_884', 'V_13', 2014, 25998, 6415, 'BD_3', 'RV_884\r'),
('id_885', 'V_13', 2020, 41914, 29822, 'BD_2', 'RV_885\r'),
('id_886', 'V_13', 2017, 27974, 89771, 'BD_2', 'RV_886\r');
INSERT INTO `used_car_list` (`car_list_id`, `varian_id`, `tahun`, `price`, `mileage`, `badge_id`, `review_id`) VALUES
('id_887', 'V_13', 2019, 40389, 39093, 'BD_1', 'RV_887\r'),
('id_888', 'V_13', 2017, 27985, 8857, 'BD_2', 'RV_888\r'),
('id_889', 'V_14', 2017, 35788, 49397, 'BD_2', 'RV_889\r'),
('id_89', 'V_5', 2006, 1026, 232537, 'BD_3', 'RV_89\r'),
('id_890', 'V_49', 2021, 558, 2599, 'BD_2', 'RV_890\r'),
('id_891', 'V_49', 2021, 565, 4121, 'BD_2', 'RV_891\r'),
('id_892', 'V_49', 2021, 58879, 5628, 'BD_6', 'RV_892\r'),
('id_893', 'V_49', 2021, 54885, 5404, 'BD_4', 'RV_893\r'),
('id_894', 'V_49', 2021, 60995, 3977, 'BD_4', 'RV_894\r'),
('id_895', 'V_49', 2021, 61991, 12133, 'BD_4', 'RV_895\r'),
('id_896', 'V_49', 2021, 58942, 12615, 'BD_2', 'RV_896\r'),
('id_897', 'V_50', 2021, 58981, 7348, 'BD_4', 'RV_897\r'),
('id_898', 'V_50', 2021, 62998, 3758, 'BD_4', 'RV_898\r'),
('id_899', 'V_50', 2021, 59981, 3416, 'BD_3', 'RV_899\r'),
('id_9', 'V_1', 2018, 39973, 48373, 'BD_2', 'RV_9\r'),
('id_90', 'V_5', 2018, 46637, 24344, 'BD_3', 'RV_90\r'),
('id_900', 'V_51', 2011, 20, 42038, 'BD_1', 'RV_900\r'),
('id_901', 'V_51', 2009, 18, 1010206, 'BD_1', 'RV_901\r'),
('id_902', 'V_26', 2014, 34491, 89304, 'BD_1', 'RV_902\r'),
('id_903', 'V_26', 2014, 22995, 35, 'BD_2', 'RV_903\r'),
('id_904', 'V_26', 2014, 24715, 86729, 'BD_1', 'RV_904\r'),
('id_905', 'V_26', 2015, 37543, 37804, 'BD_6', 'RV_905\r'),
('id_906', 'V_26', 2014, 23412, 82031, 'BD_2', 'RV_906\r'),
('id_907', 'V_26', 2014, 14995, 119564, 'BD_2', 'RV_907\r'),
('id_908', 'V_26', 2014, 21352, 84944, 'BD_2', 'RV_908\r'),
('id_909', 'V_52', 2007, 14485, 173723, 'BD_2', 'RV_909\r'),
('id_91', 'V_5', 2007, 14949, 178971, 'BD_2', 'RV_91\r'),
('id_910', 'V_53', 2014, 15888, 69692, 'BD_1', 'RV_910\r'),
('id_911', 'V_53', 2002, 98, 273500, 'BD_1', 'RV_911\r'),
('id_912', 'V_53', 2015, 24995, 87826, 'BD_3', 'RV_912\r'),
('id_913', 'V_53', 2014, 29582, 53214, 'BD_2', 'RV_913\r'),
('id_914', 'V_54', 2019, 30995, 23263, 'BD_2', 'RV_914\r'),
('id_915', 'V_54', 2019, 1945, 44364, 'BD_6', 'RV_915\r'),
('id_916', 'V_54', 2019, 27999, 35008, 'BD_2', 'RV_916\r'),
('id_917', 'V_54', 2019, 25785, 3875, 'BD_2', 'RV_917\r'),
('id_918', 'V_54', 2019, 26999, 57222, 'BD_2', 'RV_918\r'),
('id_919', 'V_54', 2020, 35312, 17699, 'BD_4', 'RV_919\r'),
('id_92', 'V_5', 2019, 49888, 32565, 'BD_3', 'RV_92\r'),
('id_920', 'V_54', 2017, 3014, 34269, 'BD_3', 'RV_920\r'),
('id_921', 'V_54', 2019, 33812, 38043, 'BD_4', 'RV_921\r'),
('id_922', 'V_6', 2018, 37139, 34358, 'BD_2', 'RV_922\r'),
('id_923', 'V_6', 2016, 29229, 68814, 'BD_2', 'RV_923\r'),
('id_924', 'V_6', 2018, 38482, 50988, 'BD_3', 'RV_924\r'),
('id_925', 'V_6', 2018, 3795, 41335, 'BD_2', 'RV_925\r'),
('id_926', 'V_6', 2018, 33494, 44818, 'BD_2', 'RV_926\r'),
('id_927', 'V_6', 2018, 2999, 16199, 'BD_4', 'RV_927\r'),
('id_928', 'V_6', 2016, 25999, 96559, 'BD_4', 'RV_928\r'),
('id_929', 'V_6', 2018, 39392, 32581, 'BD_3', 'RV_929\r'),
('id_93', 'V_6', 2016, 34664, 49732, 'BD_2', 'RV_93\r'),
('id_930', 'V_6', 2018, 45, 41173, 'BD_3', 'RV_930\r'),
('id_931', 'V_6', 2018, 3483, 44526, 'BD_2', 'RV_931\r'),
('id_932', 'V_6', 2016, 30452, 59183, 'BD_3', 'RV_932\r'),
('id_933', 'V_55', 2020, 44786, 20147, 'BD_3', 'RV_933\r'),
('id_934', 'V_55', 2020, 2395, 18087, 'BD_2', 'RV_934\r'),
('id_935', 'V_9', 2019, 47974, 19878, 'BD_2', 'RV_935\r'),
('id_936', 'V_47', 2018, 39786, 15729, 'BD_2', 'RV_936\r'),
('id_937', 'V_47', 2018, 36, 19959, 'BD_2', 'RV_937\r'),
('id_938', 'V_47', 2020, 40, 16037, 'BD_2', 'RV_938\r'),
('id_939', 'V_47', 2021, 47985, 810, 'BD_3', 'RV_939\r'),
('id_94', 'V_6', 2012, 19995, 160778, 'BD_2', 'RV_94\r'),
('id_940', 'V_47', 2021, 49795, 4613, 'BD_3', 'RV_940\r'),
('id_941', 'V_47', 2020, 44333, 22329, 'BD_2', 'RV_941\r'),
('id_942', 'V_47', 2020, 41391, 33457, 'BD_2', 'RV_942\r'),
('id_943', '', 2010, 9499, 220022, 'BD_3', 'RV_943\r'),
('id_944', '', 2017, 41995, 57308, 'BD_3', 'RV_944\r'),
('id_945', 'V_56', 2017, 44987, 65178, 'BD_2', 'RV_945\r'),
('id_946', 'V_56', 2017, 45995, 48983, 'BD_3', 'RV_946\r'),
('id_947', 'V_56', 2018, 4998, 34046, 'BD_3', 'RV_947\r'),
('id_948', 'V_56', 2017, 4125, 80815, 'BD_2', 'RV_948\r'),
('id_949', 'V_57', 2013, 9995, 218460, 'BD_4', 'RV_949\r'),
('id_95', 'V_6', 2020, 3665, 498, 'BD_2', 'RV_95\r'),
('id_950', 'V_57', 2011, 28999, 80111, 'BD_6', 'RV_950\r'),
('id_951', 'V_1', 2016, 24995, 704, 'BD_4', 'RV_951\r'),
('id_952', 'V_1', 2007, 149, 152511, 'BD_2', 'RV_952\r'),
('id_953', 'V_1', 2012, 2199, 147033, 'BD_2', 'RV_953\r'),
('id_954', 'V_1', 2018, 50598, 16659, 'BD_3', 'RV_954\r'),
('id_955', 'V_1', 2018, 188, 23091, 'BD_2', 'RV_955\r'),
('id_956', 'V_1', 2008, 23999, 1030215, 'BD_6', 'RV_956\r'),
('id_957', 'V_31', 2020, 5599, 14789, 'BD_2', 'RV_957\r'),
('id_958', 'V_31', 2020, 56998, 9954, 'BD_2', 'RV_958\r'),
('id_959', 'V_31', 2018, 5479, 16444, 'BD_3', 'RV_959\r'),
('id_96', 'V_6', 2004, 95, 200439, 'BD_6', 'RV_96\r'),
('id_960', 'V_31', 2019, 48989, 50278, 'BD_2', 'RV_960\r'),
('id_961', 'V_54', 2021, 38981, 15559, 'BD_4', 'RV_961\r'),
('id_962', 'V_6', 2019, 382, 21338, 'BD_2', 'RV_962\r'),
('id_963', 'V_6', 2018, 425, 15757, 'BD_4', 'RV_963\r'),
('id_964', 'V_6', 2020, 4799, 15994, 'BD_2', 'RV_964\r'),
('id_965', 'V_6', 2018, 371, 63325, 'BD_2', 'RV_965\r'),
('id_966', 'V_6', 2018, 33427, 5849, 'BD_2', 'RV_966\r'),
('id_967', 'V_6', 2015, 4095, 53814, 'BD_3', 'RV_967\r'),
('id_968', 'V_6', 2020, 53957, 18149, 'BD_2', 'RV_968\r'),
('id_969', 'V_6', 2016, 29398, 65059, 'BD_2', 'RV_969\r'),
('id_97', 'V_6', 2019, 365, 68705, 'BD_4', 'RV_97\r'),
('id_970', 'V_6', 2020, 4748, 15223, 'BD_2', 'RV_970\r'),
('id_971', 'V_6', 2020, 44777, 19482, 'BD_2', 'RV_971\r'),
('id_972', 'V_6', 2020, 42315, 35428, 'BD_2', 'RV_972\r'),
('id_973', 'V_6', 2020, 50992, 16408, 'BD_2', 'RV_973\r'),
('id_974', 'V_6', 2017, 40995, 47766, 'BD_2', 'RV_974\r'),
('id_975', 'V_6', 2007, 13999, 116665, 'BD_1', 'RV_975\r'),
('id_976', 'V_6', 2020, 4655, 17475, 'BD_2', 'RV_976\r'),
('id_977', 'V_6', 2020, 43345, 33022, 'BD_2', 'RV_977\r'),
('id_978', 'V_6', 2021, 51995, 19656, 'BD_2', 'RV_978\r'),
('id_979', 'V_6', 2018, 46445, 31819, 'BD_4', 'RV_979\r'),
('id_98', 'V_6', 2013, 21991, 152640, 'BD_3', 'RV_98\r'),
('id_980', 'V_6', 2021, 51922, 17032, 'BD_3', 'RV_980\r'),
('id_981', 'V_6', 2015, 34818, 60565, 'BD_3', 'RV_981\r'),
('id_982', 'V_6', 2021, 5248, 16429, 'BD_3', 'RV_982\r'),
('id_983', 'V_6', 2020, 47999, 20103, 'BD_2', 'RV_983\r'),
('id_984', 'V_6', 2020, 56785, 18679, 'BD_5', 'RV_984\r'),
('id_985', 'V_6', 2016, 34391, 71731, 'BD_2', 'RV_985\r'),
('id_986', 'V_6', 2017, 39807, 64272, 'BD_4', 'RV_986\r'),
('id_987', 'V_6', 2019, 439, 34419, 'BD_2', 'RV_987\r'),
('id_988', 'V_6', 2020, 45225, 16255, 'BD_2', 'RV_988\r'),
('id_989', 'V_6', 2019, 42995, 11159, 'BD_2', 'RV_989\r'),
('id_99', 'V_6', 2019, 44888, 2379, 'BD_2', 'RV_99\r'),
('id_990', 'V_6', 2020, 45777, 19901, 'BD_2', 'RV_990\r'),
('id_991', 'V_6', 2020, 36398, 48257, 'BD_4', 'RV_991\r'),
('id_992', 'V_6', 2019, 482, 17518, 'BD_3', 'RV_992\r'),
('id_993', 'V_6', 2020, 41469, 19268, 'BD_4', 'RV_993\r'),
('id_994', 'V_6', 2019, 45226, 42289, 'BD_2', 'RV_994\r'),
('id_995', 'V_6', 2018, 44989, 36204, 'BD_3', 'RV_995\r'),
('id_996', 'V_6', 2020, 42992, 19672, 'BD_2', 'RV_996\r'),
('id_997', 'V_9', 2019, 59958, 30725, 'BD_6', 'RV_997\r'),
('id_998', 'V_9', 2019, 54695, 41839, 'BD_1', 'RV_998\r'),
('id_999', '', 2010, 14995, 25557, 'BD_5', 'RV_999\r');

-- --------------------------------------------------------

--
-- Table structure for table `variants`
--

CREATE TABLE `variants` (
  `varian_id` varchar(10) NOT NULL,
  `varian_name` varchar(100) DEFAULT NULL,
  `model_id` varchar(10) DEFAULT NULL
) ENGINE=InnoDB DEFAULT CHARSET=utf8mb4 COLLATE=utf8mb4_general_ci;

--
-- Dumping data for table `variants`
--

INSERT INTO `variants` (`varian_id`, `varian_name`, `model_id`) VALUES
('V_1', 'Limited', 'M_1'),
('V_10', 'Hybrid Limited', 'M_2'),
('V_11', 'Hybrid XLE Touring', 'M_2'),
('V_12', 'Touring', 'M_2'),
('V_13', 'XLE', 'M_2'),
('V_14', 'XLE Premium', 'M_2'),
('V_15', 'XLE Touring', 'M_2'),
('V_16', 'XLS', 'M_2'),
('V_17', 'LE', 'M_3'),
('V_18', 'Hybrid', 'M_4'),
('V_19', 'Hybrid SE', 'M_4'),
('V_2', 'Limited 4WD', 'M_1'),
('V_20', 'L', 'M_4'),
('V_21', 'SE', 'M_4'),
('V_22', 'SE', 'M_5'),
('V_23', 'XSE', 'M_4'),
('V_24', 'Hybrid LE', 'M_6'),
('V_25', 'LE Plus', 'M_6'),
('V_26', 'Base', 'M_7'),
('V_27', 'Hybrid Limited Platinum', 'M_8'),
('V_28', 'Hybrid Platinum', 'M_8'),
('V_29', 'Hybrid XLE', 'M_8'),
('V_3', 'Limited Nightshade', 'M_1'),
('V_30', 'Limited Platinum', 'M_8'),
('V_31', 'Platinum', 'M_8'),
('V_32', 'Heritage Edition', 'M_9'),
('V_33', 'V8', 'M_9'),
('V_34', 'Base', 'M_11'),
('V_35', 'Five', 'M_12'),
('V_36', 'Four', 'M_12'),
('V_37', 'IV', 'M_12'),
('V_38', 'Prime Advanced', 'M_12'),
('V_39', 'Prime Plus', 'M_12'),
('V_4', 'Nightshade', 'M_1'),
('V_40', 'Three', 'M_12'),
('V_41', 'Two', 'M_12'),
('V_42', 'Two Eco', 'M_12'),
('V_43', 'v Three', 'M_12'),
('V_44', 'AWD XLE', 'M_13'),
('V_45', 'Hybrid XLE Premium', 'M_13'),
('V_46', 'Hybrid XSE', 'M_13'),
('V_47', 'TRD Sport', 'M_14'),
('V_48', 'Limited Premium', 'M_15'),
('V_49', '3', 'M_16'),
('V_5', 'Sport', 'M_1'),
('V_50', '3 Premium', 'M_16'),
('V_51', 'Access Cab', 'M_18'),
('V_52', 'Double Cab', 'M_18'),
('V_53', 'PreRunner', 'M_18'),
('V_54', 'SR', 'M_18'),
('V_55', 'TRD Off Road', 'M_18'),
('V_56', '1794', 'M_17'),
('V_57', 'Grade', 'M_17'),
('V_6', 'SR5', 'M_1'),
('V_7', 'SR5 Premium', 'M_1'),
('V_8', 'TRD Off Road Premium', 'M_1'),
('V_9', 'TRD Pro', 'M_1');

--
-- Indexes for dumped tables
--

--
-- Indexes for table `badges`
--
ALTER TABLE `badges`
  ADD PRIMARY KEY (`badge_id`);

--
-- Indexes for table `models`
--
ALTER TABLE `models`
  ADD PRIMARY KEY (`model_id`);

--
-- Indexes for table `reviews`
--
ALTER TABLE `reviews`
  ADD PRIMARY KEY (`review_id`);

--
-- Indexes for table `used_car_list`
--
ALTER TABLE `used_car_list`
  ADD PRIMARY KEY (`car_list_id`),
  ADD KEY `varian_id` (`varian_id`),
  ADD KEY `badge_id` (`badge_id`),
  ADD KEY `review_id` (`review_id`);

--
-- Indexes for table `variants`
--
ALTER TABLE `variants`
  ADD PRIMARY KEY (`varian_id`),
  ADD KEY `model_id` (`model_id`);

--
-- Constraints for dumped tables
--

--
-- Constraints for table `used_car_list`
--
ALTER TABLE `used_car_list`
  ADD CONSTRAINT `used_car_list_ibfk_1` FOREIGN KEY (`varian_id`) REFERENCES `variants` (`varian_id`),
  ADD CONSTRAINT `used_car_list_ibfk_2` FOREIGN KEY (`badge_id`) REFERENCES `badges` (`badge_id`),
  ADD CONSTRAINT `used_car_list_ibfk_3` FOREIGN KEY (`review_id`) REFERENCES `reviews` (`review_id`);

--
-- Constraints for table `variants`
--
ALTER TABLE `variants`
  ADD CONSTRAINT `variants_ibfk_1` FOREIGN KEY (`model_id`) REFERENCES `models` (`model_id`);
COMMIT;

/*!40101 SET CHARACTER_SET_CLIENT=@OLD_CHARACTER_SET_CLIENT */;
/*!40101 SET CHARACTER_SET_RESULTS=@OLD_CHARACTER_SET_RESULTS */;
/*!40101 SET COLLATION_CONNECTION=@OLD_COLLATION_CONNECTION */;
