-- phpMyAdmin SQL Dump
-- version 5.2.1
-- https://www.phpmyadmin.net/
--
-- Host: 127.0.0.1
-- Waktu pembuatan: 03 Des 2025 pada 07.28
-- Versi server: 10.4.32-MariaDB
-- Versi PHP: 8.2.12

SET SQL_MODE = "NO_AUTO_VALUE_ON_ZERO";
START TRANSACTION;
SET time_zone = "+00:00";


/*!40101 SET @OLD_CHARACTER_SET_CLIENT=@@CHARACTER_SET_CLIENT */;
/*!40101 SET @OLD_CHARACTER_SET_RESULTS=@@CHARACTER_SET_RESULTS */;
/*!40101 SET @OLD_COLLATION_CONNECTION=@@COLLATION_CONNECTION */;
/*!40101 SET NAMES utf8mb4 */;

--
-- Database: `kelompok 3`
--

-- --------------------------------------------------------

--
-- Struktur dari tabel `customer`
--

CREATE TABLE `customer` (
  `customer_id` varchar(20) NOT NULL,
  `first_name` varchar(50) DEFAULT NULL,
  `last_name` varchar(50) DEFAULT NULL,
  `gender` varchar(10) DEFAULT NULL,
  `age_group` varchar(20) DEFAULT NULL,
  `signup_date` date DEFAULT NULL,
  `country` varchar(50) DEFAULT NULL
) ENGINE=InnoDB DEFAULT CHARSET=utf8mb4 COLLATE=utf8mb4_general_ci;

--
-- Dumping data untuk tabel `customer`
--

INSERT INTO `customer` (`customer_id`, `first_name`, `last_name`, `gender`, `age_group`, `signup_date`, `country`) VALUES
('CUST1008', 'David', 'Hernandez', 'Other', 'Senior', '0000-00-00', 'USA'),
('CUST1011', 'Hannah', 'Santos', 'Female', 'Adults', '0000-00-00', 'India'),
('CUST1029', 'William', 'Ewing', 'Other', 'Teenagers', '0000-00-00', 'USA'),
('CUST1033', 'Randy', 'Anderson', 'Female', 'Senior', '0000-00-00', 'Japan'),
('CUST1064', 'Craig', 'Chang', 'Female', 'Senior', '0000-00-00', 'Brazil'),
('CUST1083', 'Diane', 'Jones', 'Female', 'Senior', '0000-00-00', 'Australia'),
('CUST1089', 'Randy', 'Johnson', 'Male', 'Senior', '0000-00-00', 'Canada'),
('CUST1101', 'Alexander', 'Hahn', 'Female', 'Adults', '0000-00-00', 'Japan'),
('CUST1103', 'Susan', 'Lewis', 'Female', 'Adults', '0000-00-00', 'Australia'),
('CUST1111', 'Michael', 'Lee', 'Male', 'Adults', '0000-00-00', 'India'),
('CUST1129', 'Christopher', 'Richardson', 'Female', 'Senior', '0000-00-00', 'India'),
('CUST1133', 'Todd', 'Roberts', 'Other', 'Adults', '0000-00-00', 'Brazil'),
('CUST1138', 'Sarah', 'Reilly', 'Female', 'Adults', '0000-00-00', 'France'),
('CUST1139', 'Ernest', 'Carlson', 'Male', 'Adults', '0000-00-00', 'UK'),
('CUST1148', 'John', 'Chaney', 'Male', 'Teenagers', '0000-00-00', 'Germany'),
('CUST1168', 'James', 'Ashley', 'Male', 'Teenagers', '0000-00-00', 'UK'),
('CUST1178', 'Erin', 'Dennis', 'Male', 'Teenagers', '0000-00-00', 'Australia'),
('CUST1180', 'Olivia', 'Johnson', 'Female', 'Adults', '0000-00-00', 'Australia'),
('CUST1182', 'John', 'Jacobs', 'Male', 'Senior', '0000-00-00', 'UK'),
('CUST1183', 'Erica', 'Frederick', 'Female', 'Senior', '0000-00-00', 'Germany'),
('CUST1186', 'Leroy', 'Cordova', 'Male', 'Senior', '0000-00-00', 'Japan'),
('CUST1192', 'Selena', 'Wilson', 'Other', 'Senior', '0000-00-00', 'Brazil'),
('CUST1197', 'Angela', 'Johnson', 'Male', 'Teenagers', '0000-00-00', 'Canada'),
('CUST1200', 'Michael', 'Webb', 'Male', 'Adults', '0000-00-00', 'Japan'),
('CUST1204', 'Jennifer', 'Dunn', 'Female', 'Teenagers', '0000-00-00', 'India'),
('CUST1205', 'Todd', 'Short', 'Male', 'Senior', '0000-00-00', 'China'),
('CUST1209', 'Jeffrey', 'Hicks', 'Female', 'Teenagers', '0000-00-00', 'Germany'),
('CUST1224', 'Nicholas', 'Rivers', 'Female', 'Adults', '0000-00-00', 'China'),
('CUST1241', 'Derrick', 'Turner', 'Male', 'Teenagers', '0000-00-00', 'UK'),
('CUST1254', 'William', 'Giles', 'Male', 'Teenagers', '0000-00-00', 'Germany'),
('CUST1258', 'Heidi', 'Bryan', 'Male', 'Adults', '0000-00-00', 'France'),
('CUST1275', 'Jennifer', 'Bolton', 'Other', 'Adults', '0000-00-00', 'UK'),
('CUST1281', 'Christopher', 'Randall', 'Other', 'Adults', '0000-00-00', 'China'),
('CUST1283', 'Christopher', 'Jones', 'Male', 'Adults', '0000-00-00', 'Canada'),
('CUST1287', 'Paul', 'Burns', 'Other', 'Teenagers', '0000-00-00', 'UK'),
('CUST1292', 'Ann', 'Crawford', 'Female', 'Teenagers', '0000-00-00', 'UK'),
('CUST1296', 'Amy', 'Johnson', 'Female', 'Teenagers', '0000-00-00', 'Brazil'),
('CUST1302', 'Alicia', 'Phillips', 'Male', 'Teenagers', '0000-00-00', 'India'),
('CUST1318', 'Kirk', 'Walters', 'Female', 'Adults', '0000-00-00', 'Germany'),
('CUST1319', 'Carlos', 'Rosario', 'Female', 'Teenagers', '0000-00-00', 'UK'),
('CUST1320', 'Melissa', 'Barker', 'Other', 'Teenagers', '0000-00-00', 'France'),
('CUST1332', 'Jennifer', 'Le', 'Male', 'Adults', '0000-00-00', 'UK'),
('CUST1339', 'Jeffrey', 'Bowman', 'Female', 'Teenagers', '0000-00-00', 'USA'),
('CUST1340', 'James', 'Jones', 'Other', 'Senior', '0000-00-00', 'USA'),
('CUST1350', 'Anna', 'Ball', 'Other', 'Senior', '0000-00-00', 'China'),
('CUST1359', 'Victoria', 'Mahoney', 'Male', 'Teenagers', '0000-00-00', 'USA'),
('CUST1363', 'Stephen', 'Davis', 'Female', 'Teenagers', '0000-00-00', 'Japan'),
('CUST1366', 'Robert', 'Cunningham', 'Other', 'Senior', '0000-00-00', 'Australia'),
('CUST1371', 'Antonio', 'Stevenson', 'Female', 'Senior', '0000-00-00', 'USA'),
('CUST1375', 'Jennifer', 'Barker', 'Other', 'Senior', '0000-00-00', 'USA'),
('CUST1379', 'Christian', 'Jackson', 'Other', 'Teenagers', '0000-00-00', 'USA'),
('CUST1388', 'Linda', 'Rose', 'Female', 'Teenagers', '0000-00-00', 'Germany'),
('CUST1389', 'Michelle', 'Chang', 'Other', 'Adults', '0000-00-00', 'UK'),
('CUST1395', 'Christine', 'Flores', 'Male', 'Teenagers', '0000-00-00', 'France'),
('CUST1399', 'Nathaniel', 'Harris', 'Male', 'Adults', '0000-00-00', 'USA'),
('CUST1413', 'Anthony', 'Best', 'Female', 'Senior', '0000-00-00', 'China'),
('CUST1422', 'Amber', 'Silva', 'Female', 'Adults', '0000-00-00', 'Canada'),
('CUST1430', 'Lindsey', 'Day', 'Male', 'Teenagers', '0000-00-00', 'France'),
('CUST1434', 'Jermaine', 'Flores', 'Other', 'Teenagers', '0000-00-00', 'Germany'),
('CUST1438', 'Michelle', 'Vargas', 'Male', 'Adults', '0000-00-00', 'UK'),
('CUST1461', 'Sabrina', 'Herrera', 'Female', 'Adults', '0000-00-00', 'UK'),
('CUST1469', 'Joshua', 'Graham', 'Male', 'Teenagers', '0000-00-00', 'Germany'),
('CUST1473', 'Kristine', 'Rogers', 'Other', 'Senior', '0000-00-00', 'Brazil'),
('CUST1500', 'Jill', 'Smith', 'Other', 'Adults', '0000-00-00', 'Brazil'),
('CUST1509', 'Charles', 'Blanchard', 'Other', 'Senior', '0000-00-00', 'China'),
('CUST1518', 'Katrina', 'Drake', 'Male', 'Teenagers', '0000-00-00', 'Canada'),
('CUST1539', 'Cheryl', 'Mccarthy', 'Female', 'Teenagers', '0000-00-00', 'China'),
('CUST1541', 'Jesse', 'Farrell', 'Female', 'Senior', '0000-00-00', 'Germany'),
('CUST1544', 'Hannah', 'Martin', 'Other', 'Senior', '0000-00-00', 'Japan'),
('CUST1552', 'Chad', 'Mclaughlin', 'Male', 'Senior', '0000-00-00', 'Japan'),
('CUST1558', 'Zoe', 'Davis', 'Other', 'Adults', '0000-00-00', 'Australia'),
('CUST1562', 'Debbie', 'Lyons', 'Female', 'Senior', '0000-00-00', 'USA'),
('CUST1579', 'Kimberly', 'Middleton', 'Other', 'Adults', '0000-00-00', 'Brazil'),
('CUST1581', 'Colleen', 'Smith', 'Male', 'Senior', '0000-00-00', 'Canada'),
('CUST1585', 'Amber', 'Mcbride', 'Male', 'Teenagers', '0000-00-00', 'Canada'),
('CUST1587', 'Michael', 'Savage', 'Female', 'Teenagers', '0000-00-00', 'France'),
('CUST1603', 'Shari', 'Dixon', 'Female', 'Teenagers', '0000-00-00', 'Australia'),
('CUST1624', 'Laura', 'Villa', 'Female', 'Senior', '0000-00-00', 'Canada'),
('CUST1637', 'Robin', 'Palmer', 'Male', 'Senior', '0000-00-00', 'Australia'),
('CUST1640', 'Erin', 'Clements', 'Male', 'Teenagers', '0000-00-00', 'Germany'),
('CUST1647', 'Kent', 'Kelley', 'Other', 'Adults', '0000-00-00', 'France'),
('CUST1648', 'Ann', 'Marshall', 'Male', 'Senior', '0000-00-00', 'Canada'),
('CUST1654', 'Brittany', 'Carter', 'Female', 'Senior', '0000-00-00', 'Canada'),
('CUST1662', 'Robert', 'Pace', 'Male', 'Senior', '0000-00-00', 'France'),
('CUST1691', 'Melissa', 'Hunt', 'Male', 'Adults', '0000-00-00', 'Australia'),
('CUST1693', 'Jason', 'Miller', 'Other', 'Teenagers', '0000-00-00', 'Canada'),
('CUST1698', 'Jennifer', 'Boyd', 'Female', 'Senior', '0000-00-00', 'Germany'),
('CUST1707', 'Thomas', 'White', 'Other', 'Senior', '0000-00-00', 'USA'),
('CUST1710', 'Stephanie', 'Villarreal', 'Male', 'Adults', '0000-00-00', 'Australia'),
('CUST1711', 'Joann', 'Jacobs', 'Female', 'Teenagers', '0000-00-00', 'Germany'),
('CUST1716', 'Sabrina', 'Scott', 'Male', 'Teenagers', '0000-00-00', 'China'),
('CUST1731', 'Nicholas', 'Jones', 'Female', 'Adults', '0000-00-00', 'Australia'),
('CUST1742', 'Catherine', 'Villegas', 'Other', 'Adults', '0000-00-00', 'China'),
('CUST1747', 'Gary', 'Brown', 'Female', 'Adults', '0000-00-00', 'France'),
('CUST1762', 'Michael', 'Dickerson', 'Male', 'Adults', '0000-00-00', 'USA'),
('CUST1776', 'Darlene', 'Galvan', 'Male', 'Senior', '0000-00-00', 'Australia'),
('CUST1782', 'Dennis', 'Chambers', 'Female', 'Senior', '0000-00-00', 'Japan'),
('CUST1802', 'Ryan', 'Schneider', 'Male', 'Senior', '0000-00-00', 'Germany'),
('CUST1807', 'Howard', 'Mason', 'Female', 'Adults', '0000-00-00', 'Canada'),
('CUST1824', 'Kim', 'Kerr', 'Female', 'Senior', '0000-00-00', 'India'),
('CUST1829', 'Jeffrey', 'Holmes', 'Male', 'Senior', '0000-00-00', 'Brazil'),
('CUST1832', 'Lisa', 'Reese', 'Other', 'Teenagers', '0000-00-00', 'India'),
('CUST1839', 'Richard', 'Fox', 'Male', 'Adults', '0000-00-00', 'Brazil'),
('CUST1857', 'Travis', 'Hodges', 'Other', 'Teenagers', '0000-00-00', 'Brazil'),
('CUST1859', 'Sophia', 'Gray', 'Male', 'Adults', '0000-00-00', 'USA'),
('CUST1872', 'Christopher', 'Wilson', 'Female', 'Teenagers', '0000-00-00', 'UK'),
('CUST1875', 'Carl', 'Nelson', 'Male', 'Adults', '0000-00-00', 'Canada'),
('CUST1892', 'Renee', 'Rivers', 'Female', 'Senior', '0000-00-00', 'Japan'),
('CUST1907', 'Ralph', 'Stevens', 'Male', 'Senior', '0000-00-00', 'India'),
('CUST1917', 'Jessica', 'Freeman', 'Male', 'Senior', '0000-00-00', 'France'),
('CUST1925', 'Joshua', 'Hardy', 'Male', 'Teenagers', '0000-00-00', 'Brazil'),
('CUST1939', 'Alexandra', 'Werner', 'Female', 'Senior', '0000-00-00', 'Australia'),
('CUST1948', 'Erika', 'Snyder', 'Female', 'Teenagers', '0000-00-00', 'Canada'),
('CUST1950', 'Troy', 'Sharp', 'Male', 'Adults', '0000-00-00', 'Japan'),
('CUST1953', 'Scott', 'Johnson', 'Female', 'Teenagers', '0000-00-00', 'Brazil'),
('CUST1954', 'Joshua', 'Smith', 'Female', 'Senior', '0000-00-00', 'Brazil'),
('CUST1974', 'Sarah', 'George', 'Other', 'Senior', '0000-00-00', 'China'),
('CUST1976', 'Lisa', 'Carrillo', 'Male', 'Adults', '0000-00-00', 'Germany'),
('CUST1981', 'Audrey', 'Lee', 'Other', 'Teenagers', '0000-00-00', 'Australia'),
('CUST1987', 'Brandon', 'Rollins', 'Other', 'Teenagers', '0000-00-00', 'France'),
('CUST2016', 'Evan', 'Gonzales', 'Female', 'Senior', '0000-00-00', 'Japan'),
('CUST2019', 'Caitlyn', 'Day', 'Other', 'Adults', '0000-00-00', 'USA'),
('CUST2020', 'Lynn', 'Matthews', 'Female', 'Teenagers', '0000-00-00', 'UK'),
('CUST2050', 'Shawn', 'Cobb', 'Female', 'Adults', '0000-00-00', 'Brazil'),
('CUST2079', 'Alexander', 'Baker', 'Other', 'Adults', '0000-00-00', 'Brazil'),
('CUST2081', 'Kathleen', 'Heath', 'Female', 'Teenagers', '0000-00-00', 'Australia'),
('CUST2089', 'Carrie', 'Myers', 'Female', 'Senior', '0000-00-00', 'Japan'),
('CUST2117', 'Robert', 'Banks', 'Female', 'Senior', '0000-00-00', 'India'),
('CUST2137', 'Whitney', 'Dennis', 'Other', 'Teenagers', '0000-00-00', 'China'),
('CUST2160', 'Anna', 'Wyatt', 'Other', 'Senior', '0000-00-00', 'USA'),
('CUST2162', 'Robert', 'Ross', 'Male', 'Adults', '0000-00-00', 'Germany'),
('CUST2170', 'Robert', 'Prince', 'Male', 'Teenagers', '0000-00-00', 'Australia'),
('CUST2179', 'Ryan', 'Stone', 'Male', 'Adults', '0000-00-00', 'Australia'),
('CUST2181', 'David', 'Dominguez', 'Other', 'Adults', '0000-00-00', 'Japan'),
('CUST2188', 'Matthew', 'Davis', 'Male', 'Senior', '0000-00-00', 'Brazil'),
('CUST2193', 'Nicholas', 'Castro', 'Female', 'Teenagers', '0000-00-00', 'UK'),
('CUST2201', 'Zachary', 'Orozco', 'Other', 'Teenagers', '0000-00-00', 'UK'),
('CUST2203', 'Steven', 'Taylor', 'Female', 'Senior', '0000-00-00', 'Canada'),
('CUST2206', 'Steven', 'Wright', 'Male', 'Senior', '0000-00-00', 'USA'),
('CUST2207', 'Keith', 'Beck', 'Other', 'Teenagers', '0000-00-00', 'Canada'),
('CUST2216', 'Melissa', 'Nelson', 'Male', 'Senior', '0000-00-00', 'France'),
('CUST2220', 'Mary', 'Tapia', 'Other', 'Adults', '0000-00-00', 'China'),
('CUST2223', 'John', 'Johnson', 'Female', 'Adults', '0000-00-00', 'India'),
('CUST2226', 'Desiree', 'Walton', 'Male', 'Senior', '0000-00-00', 'China'),
('CUST2238', 'Kurt', 'Johnson', 'Other', 'Teenagers', '0000-00-00', 'Japan'),
('CUST2257', 'Tonya', 'Griffin', 'Other', 'Senior', '0000-00-00', 'USA'),
('CUST2263', 'Chloe', 'Hunt', 'Female', 'Senior', '0000-00-00', 'China'),
('CUST2289', 'Cynthia', 'Cook', 'Other', 'Adults', '0000-00-00', 'Canada'),
('CUST2314', 'Danielle', 'Jenkins', 'Other', 'Senior', '0000-00-00', 'France'),
('CUST2321', 'Chloe', 'Jones', 'Male', 'Adults', '0000-00-00', 'China'),
('CUST2328', 'Tiffany', 'Castro', 'Other', 'Teenagers', '0000-00-00', 'USA'),
('CUST2332', 'Cheryl', 'Walker', 'Male', 'Adults', '0000-00-00', 'Canada'),
('CUST2353', 'Erica', 'Oliver', 'Female', 'Teenagers', '0000-00-00', 'Canada'),
('CUST2357', 'Kimberly', 'Morgan', 'Male', 'Teenagers', '0000-00-00', 'Canada'),
('CUST2361', 'Kevin', 'Kennedy', 'Female', 'Adults', '0000-00-00', 'Japan'),
('CUST2364', 'Mary', 'Guzman', 'Female', 'Adults', '0000-00-00', 'China'),
('CUST2367', 'Cole', 'Lee', 'Other', 'Teenagers', '0000-00-00', 'USA'),
('CUST2370', 'Kimberly', 'Stevenson', 'Female', 'Senior', '0000-00-00', 'UK'),
('CUST2380', 'John', 'Bonilla', 'Male', 'Teenagers', '0000-00-00', 'China'),
('CUST2383', 'Rebecca', 'Thomas', 'Male', 'Teenagers', '0000-00-00', 'Germany'),
('CUST2384', 'Katie', 'Wyatt', 'Female', 'Adults', '0000-00-00', 'Brazil'),
('CUST2386', 'Christina', 'Howell', 'Other', 'Adults', '0000-00-00', 'Germany'),
('CUST2404', 'Karen', 'Perez', 'Female', 'Teenagers', '0000-00-00', 'Brazil'),
('CUST2406', 'Carol', 'Johnson', 'Other', 'Senior', '0000-00-00', 'France'),
('CUST2419', 'Michelle', 'Oliver', 'Other', 'Senior', '0000-00-00', 'China'),
('CUST2427', 'Lisa', 'Lopez', 'Other', 'Teenagers', '0000-00-00', 'China'),
('CUST2432', 'Lori', 'Whitaker', 'Female', 'Adults', '0000-00-00', 'Japan'),
('CUST2436', 'Felicia', 'Wilson', 'Male', 'Teenagers', '0000-00-00', 'Brazil'),
('CUST2438', 'Michael', 'Davis', 'Male', 'Teenagers', '0000-00-00', 'UK'),
('CUST2442', 'Jennifer', 'Baxter', 'Female', 'Senior', '0000-00-00', 'France'),
('CUST2451', 'Barbara', 'Hansen', 'Female', 'Adults', '0000-00-00', 'UK'),
('CUST2457', 'Michelle', 'Morgan', 'Male', 'Adults', '0000-00-00', 'Japan'),
('CUST2467', 'Wyatt', 'Gregory', 'Female', 'Teenagers', '0000-00-00', 'Brazil'),
('CUST2488', 'Christy', 'Davis', 'Female', 'Adults', '0000-00-00', 'China'),
('CUST2500', 'Karen', 'Mills', 'Other', 'Adults', '0000-00-00', 'Canada'),
('CUST2522', 'Joel', 'Lindsey', 'Male', 'Teenagers', '0000-00-00', 'USA'),
('CUST2535', 'Angela', 'Peters', 'Female', 'Teenagers', '0000-00-00', 'India'),
('CUST2547', 'Michael', 'Lewis', 'Other', 'Senior', '0000-00-00', 'Germany'),
('CUST2552', 'Miguel', 'Pope', 'Other', 'Adults', '0000-00-00', 'Australia'),
('CUST2576', 'Christopher', 'Moody', 'Other', 'Teenagers', '0000-00-00', 'China'),
('CUST2578', 'Stefanie', 'Bond', 'Male', 'Senior', '0000-00-00', 'China'),
('CUST2592', 'Christopher', 'Sanchez', 'Other', 'Adults', '0000-00-00', 'India'),
('CUST2617', 'Derrick', 'Garcia', 'Female', 'Senior', '0000-00-00', 'UK'),
('CUST2626', 'Andrew', 'Miller', 'Male', 'Adults', '0000-00-00', 'UK'),
('CUST2633', 'Lawrence', 'Hughes', 'Other', 'Teenagers', '0000-00-00', 'India'),
('CUST2634', 'Stephanie', 'Martinez', 'Female', 'Adults', '0000-00-00', 'Germany'),
('CUST2638', 'Carlos', 'Baldwin', 'Other', 'Teenagers', '0000-00-00', 'India'),
('CUST2640', 'Gabrielle', 'Lynn', 'Other', 'Adults', '0000-00-00', 'Germany'),
('CUST2644', 'April', 'Lee', 'Male', 'Senior', '0000-00-00', 'UK'),
('CUST2679', 'Jason', 'Adams', 'Other', 'Adults', '0000-00-00', 'Brazil'),
('CUST2683', 'Matthew', 'Parker', 'Female', 'Teenagers', '0000-00-00', 'India'),
('CUST2686', 'Kyle', 'Lawrence', 'Female', 'Adults', '0000-00-00', 'UK'),
('CUST2688', 'Michelle', 'Taylor', 'Other', 'Senior', '0000-00-00', 'Brazil'),
('CUST2696', 'Michelle', 'Roberts', 'Other', 'Senior', '0000-00-00', 'Brazil'),
('CUST2702', 'Dawn', 'Carter', 'Other', 'Senior', '0000-00-00', 'Japan'),
('CUST2710', 'Edward', 'Campbell', 'Female', 'Senior', '0000-00-00', 'India'),
('CUST2712', 'Margaret', 'Nelson', 'Female', 'Adults', '0000-00-00', 'UK'),
('CUST2713', 'Nicholas', 'Johnson', 'Female', 'Adults', '0000-00-00', 'USA'),
('CUST2725', 'Michelle', 'Frazier', 'Other', 'Senior', '0000-00-00', 'USA'),
('CUST2734', 'Michael', 'West', 'Other', 'Teenagers', '0000-00-00', 'Germany'),
('CUST2740', 'Anthony', 'Wheeler', 'Other', 'Adults', '0000-00-00', 'UK'),
('CUST2742', 'Hunter', 'Clayton', 'Female', 'Adults', '0000-00-00', 'Canada'),
('CUST2758', 'Roy', 'Thomas', 'Male', 'Adults', '0000-00-00', 'Australia'),
('CUST2784', 'Sierra', 'Bennett', 'Male', 'Senior', '0000-00-00', 'Japan'),
('CUST2790', 'Shelby', 'Sutton', 'Other', 'Adults', '0000-00-00', 'Canada'),
('CUST2808', 'Jason', 'Larson', 'Other', 'Adults', '0000-00-00', 'USA'),
('CUST2811', 'Derrick', 'Johnson', 'Other', 'Teenagers', '0000-00-00', 'China'),
('CUST2812', 'James', 'Herring', 'Male', 'Senior', '0000-00-00', 'Brazil'),
('CUST2820', 'Heather', 'Harris', 'Female', 'Teenagers', '0000-00-00', 'Brazil'),
('CUST2838', 'Nathan', 'Welch', 'Male', 'Teenagers', '0000-00-00', 'Canada'),
('CUST2840', 'Cody', 'Cordova', 'Other', 'Teenagers', '0000-00-00', 'China'),
('CUST2854', 'Michelle', 'Collins', 'Other', 'Senior', '0000-00-00', 'Canada'),
('CUST2871', 'Jon', 'Flynn', 'Female', 'Adults', '0000-00-00', 'France'),
('CUST2874', 'Julia', 'Sullivan', 'Female', 'Teenagers', '0000-00-00', 'Germany'),
('CUST2894', 'Eileen', 'Combs', 'Male', 'Senior', '0000-00-00', 'Japan'),
('CUST2895', 'Lawrence', 'Hines', 'Female', 'Senior', '0000-00-00', 'USA'),
('CUST2896', 'Michael', 'Smith', 'Other', 'Teenagers', '0000-00-00', 'China'),
('CUST2917', 'Sean', 'Williams', 'Female', 'Senior', '0000-00-00', 'UK'),
('CUST2923', 'Martha', 'Brown', 'Other', 'Adults', '0000-00-00', 'France'),
('CUST2928', 'Courtney', 'Castillo', 'Female', 'Adults', '0000-00-00', 'China'),
('CUST2929', 'Michael', 'Ray', 'Other', 'Senior', '0000-00-00', 'India'),
('CUST2944', 'Cristina', 'Clark', 'Female', 'Senior', '0000-00-00', 'Canada'),
('CUST2945', 'Vickie', 'Brown', 'Other', 'Teenagers', '0000-00-00', 'Germany'),
('CUST2946', 'Mathew', 'Austin', 'Male', 'Teenagers', '0000-00-00', 'Canada'),
('CUST2954', 'Maria', 'Moore', 'Female', 'Teenagers', '0000-00-00', 'China'),
('CUST2957', 'Charlotte', 'Ruiz', 'Male', 'Senior', '0000-00-00', 'Canada'),
('CUST2961', 'Michael', 'Elliott', 'Other', 'Teenagers', '0000-00-00', 'USA'),
('CUST2982', 'Amanda', 'Williams', 'Other', 'Adults', '0000-00-00', 'Japan'),
('CUST2985', 'Trevor', 'Smith', 'Male', 'Senior', '0000-00-00', 'USA'),
('CUST2988', 'Jennifer', 'Brown', 'Female', 'Teenagers', '0000-00-00', 'USA'),
('CUST2993', 'Michael', 'Black', 'Male', 'Senior', '0000-00-00', 'Canada'),
('CUST2997', 'Amanda', 'Martinez', 'Female', 'Senior', '0000-00-00', 'USA'),
('CUST3002', 'Ernest', 'Torres', 'Female', 'Senior', '0000-00-00', 'Germany'),
('CUST3021', 'Mitchell', 'Rogers', 'Other', 'Adults', '0000-00-00', 'Australia'),
('CUST3029', 'Laura', 'Lopez', 'Female', 'Teenagers', '0000-00-00', 'Japan'),
('CUST3031', 'Stephanie', 'Watson', 'Male', 'Teenagers', '0000-00-00', 'China'),
('CUST3033', 'Dawn', 'Adams', 'Male', 'Senior', '0000-00-00', 'Japan'),
('CUST3037', 'Sarah', 'Green', 'Female', 'Adults', '0000-00-00', 'France'),
('CUST3060', 'Jessica', 'Flores', 'Female', 'Teenagers', '0000-00-00', 'UK'),
('CUST3096', 'Patricia', 'Dominguez', 'Female', 'Adults', '0000-00-00', 'Australia'),
('CUST3098', 'Shelly', 'Reese', 'Male', 'Senior', '0000-00-00', 'Brazil'),
('CUST3141', 'Amber', 'Bray', 'Other', 'Senior', '0000-00-00', 'USA'),
('CUST3146', 'Stacy', 'Bryant', 'Female', 'Teenagers', '0000-00-00', 'UK'),
('CUST3147', 'Ronnie', 'Mcbride', 'Male', 'Teenagers', '0000-00-00', 'India'),
('CUST3149', 'Christopher', 'Smith', 'Female', 'Teenagers', '0000-00-00', 'Germany'),
('CUST3153', 'Catherine', 'Golden', 'Other', 'Teenagers', '0000-00-00', 'Japan'),
('CUST3163', 'Mark', 'Christian', 'Other', 'Adults', '0000-00-00', 'Canada'),
('CUST3172', 'Emily', 'Marks', 'Male', 'Adults', '0000-00-00', 'USA'),
('CUST3174', 'Sonya', 'Parker', 'Female', 'Senior', '0000-00-00', 'France'),
('CUST3175', 'Dean', 'Henderson', 'Female', 'Adults', '0000-00-00', 'India'),
('CUST3181', 'Tamara', 'Willis', 'Other', 'Teenagers', '0000-00-00', 'Brazil'),
('CUST3185', 'Vincent', 'Howard', 'Female', 'Adults', '0000-00-00', 'Brazil'),
('CUST3190', 'Lisa', 'Chambers', 'Other', 'Teenagers', '0000-00-00', 'India'),
('CUST3221', 'Hector', 'White', 'Male', 'Senior', '0000-00-00', 'Brazil'),
('CUST3225', 'Chad', 'White', 'Male', 'Teenagers', '0000-00-00', 'UK'),
('CUST3229', 'Phillip', 'Irwin', 'Male', 'Senior', '0000-00-00', 'Canada'),
('CUST3240', 'William', 'Nelson', 'Other', 'Senior', '0000-00-00', 'UK'),
('CUST3245', 'Amy', 'Wise', 'Male', 'Teenagers', '0000-00-00', 'India'),
('CUST3247', 'Angel', 'Reyes', 'Other', 'Adults', '0000-00-00', 'Brazil'),
('CUST3254', 'Megan', 'Brooks', 'Female', 'Adults', '0000-00-00', 'Brazil'),
('CUST3262', 'Jeanne', 'Boyd', 'Male', 'Senior', '0000-00-00', 'France'),
('CUST3281', 'Susan', 'Torres', 'Other', 'Senior', '0000-00-00', 'France'),
('CUST3282', 'Amy', 'Cooley', 'Other', 'Teenagers', '0000-00-00', 'Canada'),
('CUST3308', 'Scott', 'Jones', 'Other', 'Senior', '0000-00-00', 'Brazil'),
('CUST3310', 'Christopher', 'Fernandez', 'Male', 'Senior', '0000-00-00', 'France'),
('CUST3317', 'Ashley', 'Bridges', 'Male', 'Adults', '0000-00-00', 'China'),
('CUST3325', 'Amanda', 'Hayes', 'Other', 'Senior', '0000-00-00', 'France'),
('CUST3327', 'Douglas', 'Johnson', 'Other', 'Senior', '0000-00-00', 'Germany'),
('CUST3332', 'Jennifer', 'Liu', 'Male', 'Senior', '0000-00-00', 'Japan'),
('CUST3343', 'Angela', 'Moore', 'Male', 'Senior', '0000-00-00', 'USA'),
('CUST3346', 'Kimberly', 'Riley', 'Other', 'Adults', '0000-00-00', 'Brazil'),
('CUST3349', 'Travis', 'Proctor', 'Other', 'Senior', '0000-00-00', 'Brazil'),
('CUST3372', 'Troy', 'Perez', 'Male', 'Teenagers', '0000-00-00', 'Australia'),
('CUST3392', 'Carol', 'Richardson', 'Other', 'Adults', '0000-00-00', 'UK'),
('CUST3400', 'Edward', 'Fernandez', 'Male', 'Adults', '0000-00-00', 'India'),
('CUST3404', 'Anna', 'Hale', 'Other', 'Senior', '0000-00-00', 'India'),
('CUST3410', 'Kenneth', 'Garner', 'Female', 'Adults', '0000-00-00', 'Canada'),
('CUST3412', 'David', 'Mcdonald', 'Male', 'Adults', '0000-00-00', 'China'),
('CUST3414', 'Amanda', 'Fernandez', 'Other', 'Senior', '0000-00-00', 'Japan'),
('CUST3422', 'Jeffrey', 'Stevens', 'Female', 'Senior', '0000-00-00', 'China'),
('CUST3430', 'Nancy', 'Horne', 'Male', 'Adults', '0000-00-00', 'USA'),
('CUST3438', 'Thomas', 'Miles', 'Female', 'Senior', '0000-00-00', 'Australia'),
('CUST3450', 'Trevor', 'Richardson', 'Male', 'Teenagers', '0000-00-00', 'UK'),
('CUST3453', 'Shannon', 'Lynch', 'Male', 'Senior', '0000-00-00', 'China'),
('CUST3466', 'Candice', 'Oconnor', 'Other', 'Adults', '0000-00-00', 'UK'),
('CUST3483', 'Daniel', 'Martin', 'Female', 'Adults', '0000-00-00', 'USA'),
('CUST3487', 'Ryan', 'Rogers', 'Other', 'Senior', '0000-00-00', 'Japan'),
('CUST3490', 'Daniel', 'Robbins', 'Female', 'Senior', '0000-00-00', 'UK'),
('CUST3492', 'Martin', 'Smith', 'Other', 'Teenagers', '0000-00-00', 'China'),
('CUST3497', 'Barbara', 'Cochran', 'Other', 'Teenagers', '0000-00-00', 'France'),
('CUST3502', 'Rhonda', 'Mckee', 'Female', 'Senior', '0000-00-00', 'Australia'),
('CUST3511', 'Danielle', 'Campbell', 'Other', 'Adults', '0000-00-00', 'France'),
('CUST3542', 'Taylor', 'Bailey', 'Female', 'Teenagers', '0000-00-00', 'Australia'),
('CUST3570', 'Katherine', 'Campbell', 'Male', 'Senior', '0000-00-00', 'Australia'),
('CUST3589', 'Joseph', 'Frye', 'Female', 'Teenagers', '0000-00-00', 'UK'),
('CUST3598', 'Susan', 'Young', 'Male', 'Teenagers', '0000-00-00', 'UK'),
('CUST3610', 'Adam', 'Burgess', 'Other', 'Teenagers', '0000-00-00', 'India'),
('CUST3612', 'Mark', 'Martinez', 'Other', 'Senior', '0000-00-00', 'Australia'),
('CUST3643', 'Jorge', 'Murphy', 'Female', 'Senior', '0000-00-00', 'Canada'),
('CUST3649', 'Sheila', 'Tran', 'Female', 'Teenagers', '0000-00-00', 'Brazil'),
('CUST3650', 'Kelly', 'Weber', 'Male', 'Senior', '0000-00-00', 'France'),
('CUST3656', 'Mark', 'Ramsey', 'Male', 'Adults', '0000-00-00', 'USA'),
('CUST3660', 'Christina', 'Christensen', 'Male', 'Adults', '0000-00-00', 'India'),
('CUST3661', 'Edward', 'Ford', 'Female', 'Senior', '0000-00-00', 'Germany'),
('CUST3692', 'Laura', 'Kramer', 'Female', 'Senior', '0000-00-00', 'China'),
('CUST3695', 'Kristen', 'Randolph', 'Other', 'Adults', '0000-00-00', 'UK'),
('CUST3728', 'Heather', 'Butler', 'Female', 'Senior', '0000-00-00', 'France'),
('CUST3733', 'Heather', 'Russell', 'Male', 'Senior', '0000-00-00', 'Australia'),
('CUST3737', 'Corey', 'Holmes', 'Male', 'Adults', '0000-00-00', 'China'),
('CUST3739', 'Brandon', 'Lopez', 'Other', 'Senior', '0000-00-00', 'India'),
('CUST3740', 'Tracy', 'Blair', 'Female', 'Adults', '0000-00-00', 'China'),
('CUST3746', 'Lawrence', 'Henson', 'Male', 'Senior', '0000-00-00', 'Australia'),
('CUST3766', 'Christopher', 'Solomon', 'Female', 'Teenagers', '0000-00-00', 'France'),
('CUST3773', 'Samantha', 'Stevens', 'Other', 'Adults', '0000-00-00', 'Brazil'),
('CUST3774', 'Pamela', 'Taylor', 'Male', 'Teenagers', '0000-00-00', 'Canada'),
('CUST3784', 'John', 'Young', 'Male', 'Teenagers', '0000-00-00', 'Canada'),
('CUST3790', 'Lindsay', 'Moss', 'Male', 'Senior', '0000-00-00', 'USA'),
('CUST3804', 'Rebecca', 'Herrera', 'Other', 'Adults', '0000-00-00', 'India'),
('CUST3808', 'Caleb', 'Carroll', 'Male', 'Teenagers', '0000-00-00', 'Canada'),
('CUST3810', 'Bryce', 'White', 'Female', 'Teenagers', '0000-00-00', 'Germany'),
('CUST3819', 'Riley', 'Smith', 'Female', 'Senior', '0000-00-00', 'Canada'),
('CUST3830', 'Cindy', 'Day', 'Female', 'Senior', '0000-00-00', 'Japan'),
('CUST3832', 'Douglas', 'Smith', 'Female', 'Senior', '0000-00-00', 'France'),
('CUST3835', 'Kevin', 'Lyons', 'Male', 'Adults', '0000-00-00', 'Brazil'),
('CUST3839', 'Claire', 'Haynes', 'Female', 'Teenagers', '0000-00-00', 'India'),
('CUST3865', 'Kimberly', 'Figueroa', 'Other', 'Senior', '0000-00-00', 'China'),
('CUST3889', 'Michael', 'Johnson', 'Female', 'Adults', '0000-00-00', 'France'),
('CUST3891', 'Diana', 'Hale', 'Female', 'Teenagers', '0000-00-00', 'Germany'),
('CUST3904', 'Claire', 'Christian', 'Female', 'Adults', '0000-00-00', 'Japan'),
('CUST3909', 'Brett', 'Martin', 'Female', 'Teenagers', '0000-00-00', 'India'),
('CUST3925', 'Amy', 'Everett', 'Male', 'Adults', '0000-00-00', 'Japan'),
('CUST3931', 'Caroline', 'Joseph', 'Other', 'Adults', '0000-00-00', 'UK'),
('CUST3933', 'Rachel', 'Thompson', 'Female', 'Senior', '0000-00-00', 'France'),
('CUST3934', 'Karen', 'Gaines', 'Female', 'Teenagers', '0000-00-00', 'China'),
('CUST3940', 'Brian', 'Thompson', 'Other', 'Senior', '0000-00-00', 'Germany'),
('CUST3958', 'James', 'Thomas', 'Male', 'Teenagers', '0000-00-00', 'UK'),
('CUST3963', 'Nancy', 'Johnson', 'Female', 'Teenagers', '0000-00-00', 'India'),
('CUST3974', 'Anita', 'Garcia', 'Other', 'Senior', '0000-00-00', 'USA'),
('CUST3977', 'Kristin', 'Wilson', 'Other', 'Teenagers', '0000-00-00', 'Australia'),
('CUST3978', 'Paula', 'Lewis', 'Other', 'Teenagers', '0000-00-00', 'India'),
('CUST3995', 'Brittany', 'Hill', 'Male', 'Adults', '0000-00-00', 'Australia'),
('CUST4004', 'Paul', 'Wang', 'Male', 'Senior', '0000-00-00', 'UK'),
('CUST4009', 'Mary', 'Hernandez', 'Female', 'Senior', '0000-00-00', 'Japan'),
('CUST4021', 'Kim', 'Barnes', 'Other', 'Senior', '0000-00-00', 'Brazil'),
('CUST4033', 'Emily', 'Williams', 'Other', 'Adults', '0000-00-00', 'Canada'),
('CUST4040', 'Ryan', 'Thompson', 'Male', 'Teenagers', '0000-00-00', 'Japan'),
('CUST4045', 'Rachael', 'Porter', 'Other', 'Teenagers', '0000-00-00', 'Germany'),
('CUST4048', 'Shelia', 'Juarez', 'Female', 'Adults', '0000-00-00', 'Japan'),
('CUST4051', 'Edward', 'Molina', 'Female', 'Adults', '0000-00-00', 'Australia'),
('CUST4058', 'Michael', 'Morales', 'Male', 'Adults', '0000-00-00', 'France'),
('CUST4068', 'Derek', 'Hammond', 'Female', 'Senior', '0000-00-00', 'Brazil'),
('CUST4076', 'Laura', 'Rocha', 'Male', 'Senior', '0000-00-00', 'France'),
('CUST4080', 'William', 'Ramos', 'Female', 'Adults', '0000-00-00', 'Australia'),
('CUST4081', 'Dalton', 'Medina', 'Male', 'Senior', '0000-00-00', 'Australia'),
('CUST4082', 'Kristi', 'Jennings', 'Female', 'Senior', '0000-00-00', 'Australia'),
('CUST4085', 'Melissa', 'Jackson', 'Male', 'Teenagers', '0000-00-00', 'China'),
('CUST4088', 'Steve', 'Levine', 'Female', 'Adults', '0000-00-00', 'Brazil'),
('CUST4090', 'Kristine', 'Barker', 'Female', 'Senior', '0000-00-00', 'Brazil'),
('CUST4101', 'Sarah', 'Smith', 'Male', 'Teenagers', '0000-00-00', 'India'),
('CUST4112', 'Susan', 'Barnes', 'Female', 'Senior', '0000-00-00', 'France'),
('CUST4118', 'Jason', 'Meyer', 'Male', 'Adults', '0000-00-00', 'Australia'),
('CUST4120', 'Amy', 'Anderson', 'Female', 'Teenagers', '0000-00-00', 'Canada'),
('CUST4129', 'Danny', 'Robinson', 'Other', 'Teenagers', '0000-00-00', 'India'),
('CUST4137', 'Gregory', 'Jones', 'Female', 'Adults', '0000-00-00', 'India'),
('CUST4145', 'Derrick', 'Johnson', 'Male', 'Senior', '0000-00-00', 'Brazil'),
('CUST4150', 'Traci', 'Sosa', 'Female', 'Senior', '0000-00-00', 'China'),
('CUST4161', 'Holly', 'Ramos', 'Male', 'Senior', '0000-00-00', 'India'),
('CUST4165', 'Mitchell', 'Contreras', 'Female', 'Teenagers', '0000-00-00', 'Germany'),
('CUST4174', 'Daniel', 'Gray', 'Other', 'Adults', '0000-00-00', 'China'),
('CUST4191', 'Nancy', 'Turner', 'Other', 'Teenagers', '0000-00-00', 'Canada'),
('CUST4192', 'Stephanie', 'Lawrence', 'Other', 'Teenagers', '0000-00-00', 'India'),
('CUST4196', 'Maria', 'Miller', 'Other', 'Teenagers', '0000-00-00', 'Germany'),
('CUST4202', 'Mark', 'Brown', 'Other', 'Adults', '0000-00-00', 'Brazil'),
('CUST4208', 'Eileen', 'Farmer', 'Other', 'Adults', '0000-00-00', 'Germany'),
('CUST4226', 'Samantha', 'Heath', 'Male', 'Teenagers', '0000-00-00', 'India'),
('CUST4237', 'Courtney', 'Frazier', 'Female', 'Teenagers', '0000-00-00', 'France'),
('CUST4239', 'Daniel', 'Patel', 'Female', 'Adults', '0000-00-00', 'Brazil'),
('CUST4244', 'Scott', 'Smith', 'Female', 'Senior', '0000-00-00', 'France'),
('CUST4245', 'Michael', 'Evans', 'Male', 'Teenagers', '0000-00-00', 'Canada'),
('CUST4247', 'Dustin', 'Perry', 'Other', 'Senior', '0000-00-00', 'India'),
('CUST4258', 'Scott', 'Mcconnell', 'Other', 'Teenagers', '0000-00-00', 'Germany'),
('CUST4265', 'Joshua', 'Lewis', 'Male', 'Adults', '0000-00-00', 'Brazil'),
('CUST4267', 'Taylor', 'Bradley', 'Other', 'Teenagers', '0000-00-00', 'Japan'),
('CUST4273', 'Ralph', 'Luna', 'Female', 'Adults', '0000-00-00', 'Canada'),
('CUST4288', 'Billy', 'White', 'Female', 'Teenagers', '0000-00-00', 'USA'),
('CUST4294', 'Sherri', 'Houston', 'Female', 'Adults', '0000-00-00', 'India'),
('CUST4296', 'Jeremy', 'Summers', 'Male', 'Teenagers', '0000-00-00', 'France'),
('CUST4304', 'Melissa', 'Smith', 'Male', 'Senior', '0000-00-00', 'China'),
('CUST4306', 'Dorothy', 'Davis', 'Male', 'Senior', '0000-00-00', 'China'),
('CUST4338', 'Michelle', 'Duran', 'Female', 'Teenagers', '0000-00-00', 'UK'),
('CUST4346', 'Trevor', 'Mccormick', 'Female', 'Senior', '0000-00-00', 'Brazil'),
('CUST4354', 'Kristin', 'Silva', 'Other', 'Adults', '0000-00-00', 'Germany'),
('CUST4359', 'William', 'Mcdonald', 'Female', 'Teenagers', '0000-00-00', 'Australia'),
('CUST4363', 'Charles', 'Bradley', 'Male', 'Teenagers', '0000-00-00', 'Canada'),
('CUST4364', 'John', 'Mcdaniel', 'Male', 'Senior', '0000-00-00', 'Japan'),
('CUST4387', 'Nathan', 'Lawson', 'Female', 'Teenagers', '0000-00-00', 'USA'),
('CUST4396', 'Angela', 'Hayes', 'Male', 'Adults', '0000-00-00', 'China'),
('CUST4400', 'Patricia', 'Tanner', 'Female', 'Adults', '0000-00-00', 'Australia'),
('CUST4407', 'Jesse', 'Wright', 'Female', 'Senior', '0000-00-00', 'UK'),
('CUST4408', 'Erika', 'Gonzalez', 'Female', 'Senior', '0000-00-00', 'USA'),
('CUST4410', 'Claudia', 'Brady', 'Female', 'Adults', '0000-00-00', 'USA'),
('CUST4417', 'Brenda', 'Duke', 'Male', 'Senior', '0000-00-00', 'Brazil'),
('CUST4425', 'Sierra', 'Nicholson', 'Female', 'Adults', '0000-00-00', 'China'),
('CUST4430', 'Michael', 'Thomas', 'Male', 'Adults', '0000-00-00', 'India'),
('CUST4438', 'Richard', 'Perry', 'Other', 'Teenagers', '0000-00-00', 'France'),
('CUST4442', 'Jessica', 'Johnson', 'Female', 'Senior', '0000-00-00', 'Canada'),
('CUST4450', 'Kenneth', 'Moon', 'Female', 'Adults', '0000-00-00', 'Australia'),
('CUST4458', 'Anthony', 'Romero', 'Other', 'Teenagers', '0000-00-00', 'Japan'),
('CUST4463', 'Christopher', 'White', 'Male', 'Adults', '0000-00-00', 'China'),
('CUST4512', 'Spencer', 'Foster', 'Male', 'Senior', '0000-00-00', 'Germany'),
('CUST4516', 'Vanessa', 'Yang', 'Other', 'Senior', '0000-00-00', 'China'),
('CUST4530', 'Chad', 'Montes', 'Other', 'Teenagers', '0000-00-00', 'USA'),
('CUST4534', 'Paul', 'Norris', 'Other', 'Adults', '0000-00-00', 'USA'),
('CUST4536', 'Lisa', 'Mathews', 'Female', 'Senior', '0000-00-00', 'USA'),
('CUST4541', 'Lauren', 'Gallagher', 'Female', 'Senior', '0000-00-00', 'Brazil'),
('CUST4543', 'Andrew', 'Brewer', 'Other', 'Teenagers', '0000-00-00', 'UK'),
('CUST4573', 'Kathryn', 'Cole', 'Other', 'Teenagers', '0000-00-00', 'France'),
('CUST4582', 'Melanie', 'Williams', 'Female', 'Teenagers', '0000-00-00', 'Germany'),
('CUST4586', 'Edward', 'Meyers', 'Other', 'Adults', '0000-00-00', 'Brazil'),
('CUST4589', 'Colleen', 'Stevens', 'Female', 'Adults', '0000-00-00', 'Japan'),
('CUST4591', 'Phillip', 'Collins', 'Female', 'Senior', '0000-00-00', 'Japan'),
('CUST4600', 'Michael', 'Matthews', 'Other', 'Senior', '0000-00-00', 'UK'),
('CUST4603', 'Daniel', 'Rush', 'Other', 'Teenagers', '0000-00-00', 'India'),
('CUST4613', 'Jennifer', 'Snyder', 'Female', 'Senior', '0000-00-00', 'China'),
('CUST4623', 'Kenneth', 'Santos', 'Male', 'Teenagers', '0000-00-00', 'France'),
('CUST4624', 'Katrina', 'Mack', 'Male', 'Adults', '0000-00-00', 'Australia'),
('CUST4646', 'Brian', 'Williams', 'Other', 'Adults', '0000-00-00', 'Japan'),
('CUST4647', 'Ann', 'Bailey', 'Other', 'Senior', '0000-00-00', 'India'),
('CUST4659', 'Larry', 'Hays', 'Female', 'Adults', '0000-00-00', 'Japan'),
('CUST4662', 'Jeanette', 'Jenkins', 'Other', 'Adults', '0000-00-00', 'USA'),
('CUST4671', 'Matthew', 'Young', 'Male', 'Adults', '0000-00-00', 'Germany'),
('CUST4677', 'Brian', 'Morris', 'Other', 'Adults', '0000-00-00', 'China'),
('CUST4678', 'David', 'Fernandez', 'Other', 'Senior', '0000-00-00', 'UK'),
('CUST4686', 'Samuel', 'Lopez', 'Male', 'Senior', '0000-00-00', 'Canada'),
('CUST4708', 'Dominique', 'Nielsen', 'Male', 'Adults', '0000-00-00', 'India'),
('CUST4713', 'Richard', 'Bell', 'Other', 'Teenagers', '0000-00-00', 'Brazil'),
('CUST4733', 'Stephanie', 'Miller', 'Male', 'Senior', '0000-00-00', 'Australia'),
('CUST4734', 'Sydney', 'Barker', 'Male', 'Teenagers', '0000-00-00', 'UK'),
('CUST4751', 'Tyler', 'Martin', 'Male', 'Adults', '0000-00-00', 'USA'),
('CUST4757', 'Ashley', 'Williams', 'Male', 'Adults', '0000-00-00', 'China'),
('CUST4791', 'David', 'Ford', 'Female', 'Adults', '0000-00-00', 'Canada'),
('CUST4822', 'Kristin', 'Chang', 'Female', 'Teenagers', '0000-00-00', 'Brazil'),
('CUST4853', 'Alex', 'Johnston', 'Female', 'Adults', '0000-00-00', 'UK'),
('CUST4854', 'Nancy', 'Williams', 'Male', 'Teenagers', '0000-00-00', 'Australia'),
('CUST4858', 'Michael', 'Williams', 'Other', 'Senior', '0000-00-00', 'Germany'),
('CUST4905', 'Betty', 'Thornton', 'Other', 'Adults', '0000-00-00', 'Canada'),
('CUST4916', 'Alfred', 'Wade', 'Other', 'Adults', '0000-00-00', 'UK'),
('CUST4924', 'Wendy', 'Robertson', 'Male', 'Teenagers', '0000-00-00', 'Brazil'),
('CUST4941', 'Janice', 'Ramos', 'Other', 'Senior', '0000-00-00', 'Japan'),
('CUST4943', 'Joseph', 'Johnson', 'Female', 'Adults', '0000-00-00', 'Canada'),
('CUST4945', 'Christine', 'Barton', 'Other', 'Senior', '0000-00-00', 'Germany'),
('CUST4949', 'Fred', 'Bishop', 'Female', 'Teenagers', '0000-00-00', 'France'),
('CUST4951', 'Brian', 'Guzman', 'Male', 'Teenagers', '0000-00-00', 'Japan'),
('CUST4958', 'Gregory', 'Young', 'Female', 'Teenagers', '0000-00-00', 'Australia'),
('CUST4964', 'Patricia', 'Johnson', 'Male', 'Adults', '0000-00-00', 'Australia'),
('CUST4981', 'Marcus', 'Torres', 'Other', 'Teenagers', '0000-00-00', 'China'),
('CUST4986', 'David', 'Miller', 'Male', 'Teenagers', '0000-00-00', 'China'),
('CUST4988', 'Amber', 'Burch', 'Other', 'Teenagers', '0000-00-00', 'Brazil'),
('CUST4993', 'Brittany', 'Brown', 'Male', 'Teenagers', '0000-00-00', 'Australia'),
('CUST4995', 'Madison', 'Hubbard', 'Female', 'Teenagers', '0000-00-00', 'India'),
('CUST5003', 'Jessica', 'Jones', 'Female', 'Senior', '0000-00-00', 'Brazil'),
('CUST5014', 'Kelly', 'Mcmahon', 'Male', 'Adults', '0000-00-00', 'USA'),
('CUST5023', 'Louis', 'Harding', 'Other', 'Senior', '0000-00-00', 'India'),
('CUST5028', 'Harold', 'Bender', 'Female', 'Adults', '0000-00-00', 'France'),
('CUST5045', 'Michele', 'Wade', 'Other', 'Senior', '0000-00-00', 'Brazil'),
('CUST5048', 'Cynthia', 'Clark', 'Other', 'Adults', '0000-00-00', 'India'),
('CUST5050', 'Amanda', 'Mcclain', 'Male', 'Senior', '0000-00-00', 'Brazil'),
('CUST5054', 'Brian', 'Mann', 'Female', 'Adults', '0000-00-00', 'China'),
('CUST5063', 'Zachary', 'Beltran', 'Female', 'Senior', '0000-00-00', 'UK'),
('CUST5088', 'Dean', 'Clark', 'Other', 'Senior', '0000-00-00', 'Brazil'),
('CUST5093', 'Brenda', 'Vaughn', 'Other', 'Senior', '0000-00-00', 'Australia'),
('CUST5111', 'Carmen', 'Thompson', 'Other', 'Senior', '0000-00-00', 'Germany'),
('CUST5125', 'Briana', 'Hernandez', 'Female', 'Teenagers', '0000-00-00', 'Brazil'),
('CUST5144', 'Zachary', 'Johnston', 'Other', 'Teenagers', '0000-00-00', 'USA'),
('CUST5161', 'Alison', 'Curtis', 'Male', 'Senior', '0000-00-00', 'France'),
('CUST5175', 'Karen', 'Johnson', 'Female', 'Adults', '0000-00-00', 'Germany'),
('CUST5182', 'Jake', 'Butler', 'Male', 'Adults', '0000-00-00', 'China'),
('CUST5183', 'Aaron', 'Powell', 'Female', 'Adults', '0000-00-00', 'USA'),
('CUST5198', 'Anthony', 'Hancock', 'Other', 'Teenagers', '0000-00-00', 'Germany'),
('CUST5203', 'Selena', 'Scott', 'Female', 'Teenagers', '0000-00-00', 'China'),
('CUST5205', 'Robert', 'Sanchez', 'Female', 'Senior', '0000-00-00', 'Brazil'),
('CUST5221', 'Connie', 'Sanders', 'Male', 'Senior', '0000-00-00', 'Brazil'),
('CUST5229', 'Becky', 'Newman', 'Female', 'Teenagers', '0000-00-00', 'Japan'),
('CUST5230', 'Sarah', 'Mora', 'Female', 'Adults', '0000-00-00', 'USA'),
('CUST5243', 'Terri', 'Simpson', 'Other', 'Senior', '0000-00-00', 'Brazil'),
('CUST5246', 'Amber', 'Bush', 'Male', 'Adults', '0000-00-00', 'UK'),
('CUST5251', 'Craig', 'Moon', 'Female', 'Teenagers', '0000-00-00', 'France'),
('CUST5255', 'Marc', 'Cunningham', 'Male', 'Teenagers', '0000-00-00', 'Canada'),
('CUST5274', 'Kristopher', 'Molina', 'Other', 'Senior', '0000-00-00', 'Brazil'),
('CUST5278', 'Kelly', 'Manning', 'Other', 'Adults', '0000-00-00', 'India'),
('CUST5282', 'Sean', 'Davis', 'Male', 'Adults', '0000-00-00', 'India'),
('CUST5286', 'Bridget', 'Bernard', 'Other', 'Senior', '0000-00-00', 'Germany'),
('CUST5297', 'Tiffany', 'Hatfield', 'Female', 'Teenagers', '0000-00-00', 'India'),
('CUST5300', 'Laura', 'Kerr', 'Male', 'Senior', '0000-00-00', 'China'),
('CUST5305', 'Julia', 'Kelly', 'Female', 'Teenagers', '0000-00-00', 'Japan'),
('CUST5306', 'Kathy', 'Reilly', 'Other', 'Adults', '0000-00-00', 'Australia'),
('CUST5308', 'Harold', 'Ruiz', 'Other', 'Senior', '0000-00-00', 'USA'),
('CUST5318', 'Anna', 'Moore', 'Male', 'Adults', '0000-00-00', 'Brazil'),
('CUST5319', 'Brittney', 'Williamson', 'Male', 'Teenagers', '0000-00-00', 'Japan'),
('CUST5324', 'Jamie', 'Murphy', 'Other', 'Senior', '0000-00-00', 'France'),
('CUST5325', 'Deborah', 'Wright', 'Other', 'Teenagers', '0000-00-00', 'India'),
('CUST5329', 'Joann', 'Parker', 'Other', 'Senior', '0000-00-00', 'USA'),
('CUST5346', 'Nathaniel', 'Smith', 'Male', 'Adults', '0000-00-00', 'China'),
('CUST5355', 'Mackenzie', 'Campbell', 'Female', 'Teenagers', '0000-00-00', 'Brazil'),
('CUST5356', 'Julia', 'Young', 'Female', 'Senior', '0000-00-00', 'Australia'),
('CUST5363', 'Blake', 'Clay', 'Other', 'Adults', '0000-00-00', 'USA'),
('CUST5366', 'James', 'Lynch', 'Other', 'Senior', '0000-00-00', 'UK'),
('CUST5402', 'Derek', 'Myers', 'Male', 'Teenagers', '0000-00-00', 'France'),
('CUST5409', 'Teresa', 'Mitchell', 'Male', 'Teenagers', '0000-00-00', 'Canada'),
('CUST5416', 'Mark', 'Lopez', 'Female', 'Adults', '0000-00-00', 'France'),
('CUST5419', 'John', 'Nguyen', 'Male', 'Adults', '0000-00-00', 'Brazil'),
('CUST5427', 'Bobby', 'Thomas', 'Male', 'Adults', '0000-00-00', 'India'),
('CUST5435', 'Valerie', 'Howard', 'Female', 'Senior', '0000-00-00', 'USA'),
('CUST5441', 'Ashley', 'Holmes', 'Other', 'Adults', '0000-00-00', 'China'),
('CUST5445', 'Jennifer', 'Wilson', 'Other', 'Teenagers', '0000-00-00', 'Japan'),
('CUST5448', 'Caroline', 'Gonzalez', 'Male', 'Adults', '0000-00-00', 'India'),
('CUST5457', 'Barry', 'Weaver', 'Female', 'Senior', '0000-00-00', 'China'),
('CUST5462', 'Colleen', 'Jackson', 'Female', 'Adults', '0000-00-00', 'France'),
('CUST5478', 'Kyle', 'Cobb', 'Female', 'Senior', '0000-00-00', 'USA'),
('CUST5481', 'Vickie', 'Robinson', 'Other', 'Teenagers', '0000-00-00', 'Japan'),
('CUST5498', 'Erica', 'Velazquez', 'Male', 'Teenagers', '0000-00-00', 'USA'),
('CUST5513', 'Tammy', 'Holland', 'Other', 'Senior', '0000-00-00', 'Canada'),
('CUST5518', 'Erica', 'Rice', 'Male', 'Adults', '0000-00-00', 'UK'),
('CUST5522', 'Ashley', 'Mcmahon', 'Female', 'Teenagers', '0000-00-00', 'Canada'),
('CUST5529', 'Nichole', 'Oconnell', 'Female', 'Teenagers', '0000-00-00', 'Australia'),
('CUST5530', 'Paul', 'Bennett', 'Other', 'Senior', '0000-00-00', 'Brazil'),
('CUST5534', 'Mary', 'Russell', 'Other', 'Teenagers', '0000-00-00', 'Germany'),
('CUST5540', 'Rick', 'Cole', 'Female', 'Senior', '0000-00-00', 'UK'),
('CUST5542', 'Matthew', 'Goodwin', 'Female', 'Senior', '0000-00-00', 'Germany'),
('CUST5561', 'Thomas', 'Barrett', 'Other', 'Senior', '0000-00-00', 'France'),
('CUST5594', 'Christy', 'Butler', 'Other', 'Teenagers', '0000-00-00', 'UK'),
('CUST5595', 'Christian', 'Fritz', 'Male', 'Senior', '0000-00-00', 'India'),
('CUST5597', 'Kevin', 'Edwards', 'Female', 'Adults', '0000-00-00', 'France'),
('CUST5599', 'Kristen', 'Daniel', 'Other', 'Teenagers', '0000-00-00', 'Brazil'),
('CUST5602', 'Amanda', 'Gonzales', 'Other', 'Adults', '0000-00-00', 'Canada'),
('CUST5610', 'Kimberly', 'Bennett', 'Female', 'Teenagers', '0000-00-00', 'France'),
('CUST5616', 'Sara', 'Krause', 'Other', 'Senior', '0000-00-00', 'France'),
('CUST5618', 'Jasmine', 'Mills', 'Other', 'Adults', '0000-00-00', 'China'),
('CUST5619', 'Kristy', 'Johnson', 'Male', 'Adults', '0000-00-00', 'France'),
('CUST5627', 'William', 'Myers', 'Other', 'Teenagers', '0000-00-00', 'India'),
('CUST5637', 'Debra', 'Austin', 'Other', 'Senior', '0000-00-00', 'China'),
('CUST5639', 'Bruce', 'Castillo', 'Male', 'Senior', '0000-00-00', 'Brazil'),
('CUST5644', 'Justin', 'Espinoza', 'Female', 'Senior', '0000-00-00', 'Australia'),
('CUST5652', 'Jimmy', 'Wallace', 'Male', 'Teenagers', '0000-00-00', 'Australia'),
('CUST5665', 'Brian', 'Santos', 'Other', 'Senior', '0000-00-00', 'France'),
('CUST5677', 'Krystal', 'Braun', 'Male', 'Senior', '0000-00-00', 'Australia'),
('CUST5678', 'Christopher', 'Huff', 'Female', 'Senior', '0000-00-00', 'Germany'),
('CUST5684', 'Kyle', 'Mills', 'Male', 'Adults', '0000-00-00', 'Australia'),
('CUST5685', 'Eugene', 'Long', 'Female', 'Teenagers', '0000-00-00', 'Japan'),
('CUST5693', 'Hector', 'Reese', 'Male', 'Senior', '0000-00-00', 'Japan'),
('CUST5711', 'Jessica', 'Harris', 'Male', 'Teenagers', '0000-00-00', 'France'),
('CUST5722', 'Adam', 'Hayes', 'Other', 'Adults', '0000-00-00', 'Australia'),
('CUST5727', 'Kristen', 'Medina', 'Male', 'Senior', '0000-00-00', 'UK'),
('CUST5739', 'Patrick', 'Williams', 'Other', 'Teenagers', '0000-00-00', 'Japan'),
('CUST5752', 'Sean', 'Stuart', 'Female', 'Teenagers', '0000-00-00', 'China'),
('CUST5755', 'Todd', 'Dixon', 'Male', 'Senior', '0000-00-00', 'Brazil'),
('CUST5767', 'Sue', 'Hansen', 'Male', 'Adults', '0000-00-00', 'USA'),
('CUST5769', 'Donna', 'Jenkins', 'Male', 'Teenagers', '0000-00-00', 'India'),
('CUST5795', 'Amy', 'Shepard', 'Other', 'Teenagers', '0000-00-00', 'China'),
('CUST5811', 'Andrew', 'Hampton', 'Male', 'Senior', '0000-00-00', 'UK'),
('CUST5812', 'Jennifer', 'Burke', 'Other', 'Adults', '0000-00-00', 'China'),
('CUST5827', 'Paul', 'Beasley', 'Female', 'Teenagers', '0000-00-00', 'Japan'),
('CUST5839', 'Samantha', 'Owens', 'Other', 'Adults', '0000-00-00', 'France'),
('CUST5866', 'Catherine', 'Lopez', 'Male', 'Senior', '0000-00-00', 'Germany'),
('CUST5886', 'Jacob', 'Hawkins', 'Female', 'Teenagers', '0000-00-00', 'Japan'),
('CUST5919', 'Carolyn', 'Davis', 'Male', 'Senior', '0000-00-00', 'India'),
('CUST5920', 'Paul', 'Anderson', 'Female', 'Teenagers', '0000-00-00', 'China'),
('CUST5922', 'Scott', 'Mills', 'Female', 'Teenagers', '0000-00-00', 'Brazil'),
('CUST5925', 'Heather', 'Johnson', 'Other', 'Teenagers', '0000-00-00', 'Japan'),
('CUST5953', 'Audrey', 'Osborne', 'Male', 'Senior', '0000-00-00', 'Japan'),
('CUST5966', 'Samantha', 'Cooley', 'Male', 'Adults', '0000-00-00', 'France'),
('customer_id (PK)', 'first_name', 'last_name', 'gender', 'age_group', '0000-00-00', 'country');

-- --------------------------------------------------------

--
-- Struktur dari tabel `orders`
--

CREATE TABLE `orders` (
  `order_id` varchar(20) NOT NULL,
  `customer_id` varchar(20) DEFAULT NULL,
  `product_id` varchar(20) DEFAULT NULL,
  `order_date` date DEFAULT NULL,
  `order_status` varchar(30) DEFAULT NULL,
  `payment_method` varchar(50) DEFAULT NULL,
  `quantity` int(11) DEFAULT NULL
) ENGINE=InnoDB DEFAULT CHARSET=utf8mb4 COLLATE=utf8mb4_general_ci;

--
-- Dumping data untuk tabel `orders`
--

INSERT INTO `orders` (`order_id`, `customer_id`, `product_id`, `order_date`, `order_status`, `payment_method`, `quantity`) VALUES
('ORD10000', 'CUST2353', 'PROD108', '0000-00-00', 'Pending', 'Credit Card', 3),
('ORD10001', 'CUST4463', 'PROD103', '0000-00-00', 'Pending', 'PayPal', 4),
('ORD10002', 'CUST4512', 'PROD111', '0000-00-00', 'Delivered', 'Cash on Delivery', 2),
('ORD10003', 'CUST5711', 'PROD107', '0000-00-00', 'Delivered', 'Cash on Delivery', 4),
('ORD10004', 'CUST1296', 'PROD105', '0000-00-00', 'Returned', 'Cash on Delivery', 1),
('ORD10005', 'CUST2790', 'PROD108', '0000-00-00', 'Returned', 'PayPal', 5),
('ORD10006', 'CUST2442', 'PROD106', '0000-00-00', 'Returned', 'Credit Card', 1),
('ORD10007', 'CUST2451', 'PROD103', '0000-00-00', 'Pending', 'Credit Card', 2),
('ORD10008', 'CUST2364', 'PROD102', '0000-00-00', 'Shipped', 'Credit Card', 5),
('ORD10009', 'CUST4713', 'PROD107', '0000-00-00', 'Cancelled', 'PayPal', 4),
('ORD10010', 'CUST1469', 'PROD107', '0000-00-00', 'Returned', 'Credit Card', 4),
('ORD10011', 'CUST5953', 'PROD113', '0000-00-00', 'Returned', 'Credit Card', 2),
('ORD10012', 'CUST1438', 'PROD109', '0000-00-00', 'Shipped', 'Credit Card', 1),
('ORD10013', 'CUST2488', 'PROD100', '0000-00-00', 'Delivered', 'Credit Card', 2),
('ORD10014', 'CUST1413', 'PROD112', '0000-00-00', 'Cancelled', 'Credit Card', 4),
('ORD10015', 'CUST2160', 'PROD105', '0000-00-00', 'Shipped', 'Credit Card', 1),
('ORD10016', 'CUST3830', 'PROD109', '0000-00-00', 'Cancelled', 'Credit Card', 5),
('ORD10017', 'CUST4174', 'PROD113', '0000-00-00', 'Delivered', 'PayPal', 2),
('ORD10018', 'CUST3281', 'PROD110', '0000-00-00', 'Delivered', 'Cash on Delivery', 1),
('ORD10019', 'CUST3410', 'PROD108', '0000-00-00', 'Cancelled', 'Cash on Delivery', 3),
('ORD10020', 'CUST3147', 'PROD112', '0000-00-00', 'Pending', 'Cash on Delivery', 4),
('ORD10021', 'CUST4051', 'PROD112', '0000-00-00', 'Returned', 'PayPal', 5),
('ORD10022', 'CUST1089', 'PROD104', '0000-00-00', 'Delivered', 'PayPal', 4),
('ORD10023', 'CUST2314', 'PROD109', '0000-00-00', 'Pending', 'Cash on Delivery', 2),
('ORD10024', 'CUST5205', 'PROD100', '0000-00-00', 'Pending', 'Cash on Delivery', 2),
('ORD10025', 'CUST2997', 'PROD105', '0000-00-00', 'Pending', 'Cash on Delivery', 3),
('ORD10026', 'CUST2945', 'PROD109', '0000-00-00', 'Returned', 'Cash on Delivery', 1),
('ORD10027', 'CUST3650', 'PROD101', '0000-00-00', 'Shipped', 'Cash on Delivery', 3),
('ORD10028', 'CUST5755', 'PROD108', '0000-00-00', 'Pending', 'Credit Card', 5),
('ORD10029', 'CUST2895', 'PROD102', '0000-00-00', 'Cancelled', 'Credit Card', 5),
('ORD10030', 'CUST3589', 'PROD101', '0000-00-00', 'Returned', 'PayPal', 1),
('ORD10031', 'CUST5161', 'PROD107', '0000-00-00', 'Returned', 'PayPal', 4),
('ORD10032', 'CUST2370', 'PROD105', '0000-00-00', 'Cancelled', 'Credit Card', 4),
('ORD10033', 'CUST4430', 'PROD109', '0000-00-00', 'Returned', 'Credit Card', 3),
('ORD10034', 'CUST3021', 'PROD101', '0000-00-00', 'Returned', 'Cash on Delivery', 4),
('ORD10035', 'CUST1182', 'PROD113', '0000-00-00', 'Cancelled', 'PayPal', 3),
('ORD10036', 'CUST4791', 'PROD102', '0000-00-00', 'Delivered', 'Cash on Delivery', 1),
('ORD10037', 'CUST3310', 'PROD100', '0000-00-00', 'Returned', 'PayPal', 2),
('ORD10038', 'CUST3661', 'PROD100', '0000-00-00', 'Cancelled', 'Credit Card', 4),
('ORD10039', 'CUST1500', 'PROD104', '0000-00-00', 'Shipped', 'PayPal', 3),
('ORD10040', 'CUST5684', 'PROD103', '0000-00-00', 'Pending', 'Credit Card', 5),
('ORD10041', 'CUST1186', 'PROD109', '0000-00-00', 'Shipped', 'PayPal', 4),
('ORD10042', 'CUST1241', 'PROD106', '0000-00-00', 'Pending', 'Cash on Delivery', 2),
('ORD10043', 'CUST4082', 'PROD108', '0000-00-00', 'Returned', 'PayPal', 4),
('ORD10044', 'CUST3728', 'PROD103', '0000-00-00', 'Delivered', 'Cash on Delivery', 1),
('ORD10045', 'CUST1742', 'PROD112', '0000-00-00', 'Returned', 'Cash on Delivery', 1),
('ORD10046', 'CUST3349', 'PROD101', '0000-00-00', 'Pending', 'Cash on Delivery', 1),
('ORD10047', 'CUST4751', 'PROD112', '0000-00-00', 'Cancelled', 'Credit Card', 3),
('ORD10048', 'CUST2954', 'PROD110', '0000-00-00', 'Returned', 'Credit Card', 1),
('ORD10049', 'CUST4905', 'PROD103', '0000-00-00', 'Delivered', 'Credit Card', 2),
('ORD10050', 'CUST4613', 'PROD107', '0000-00-00', 'Pending', 'Cash on Delivery', 5),
('ORD10051', 'CUST1209', 'PROD108', '0000-00-00', 'Returned', 'Cash on Delivery', 2),
('ORD10052', 'CUST5685', 'PROD108', '0000-00-00', 'Cancelled', 'PayPal', 1),
('ORD10053', 'CUST2016', 'PROD111', '0000-00-00', 'Pending', 'Credit Card', 5),
('ORD10054', 'CUST5282', 'PROD102', '0000-00-00', 'Pending', 'Cash on Delivery', 5),
('ORD10055', 'CUST5144', 'PROD100', '0000-00-00', 'Delivered', 'Credit Card', 5),
('ORD10056', 'CUST2871', 'PROD112', '0000-00-00', 'Shipped', 'Cash on Delivery', 2),
('ORD10057', 'CUST4853', 'PROD108', '0000-00-00', 'Returned', 'Credit Card', 2),
('ORD10058', 'CUST3810', 'PROD105', '0000-00-00', 'Pending', 'Cash on Delivery', 4),
('ORD10059', 'CUST4294', 'PROD100', '0000-00-00', 'Delivered', 'Credit Card', 2),
('ORD10060', 'CUST3033', 'PROD107', '0000-00-00', 'Returned', 'Credit Card', 3),
('ORD10061', 'CUST3784', 'PROD112', '0000-00-00', 'Shipped', 'Cash on Delivery', 4),
('ORD10062', 'CUST2808', 'PROD110', '0000-00-00', 'Returned', 'Credit Card', 1),
('ORD10063', 'CUST2357', 'PROD114', '0000-00-00', 'Pending', 'PayPal', 2),
('ORD10064', 'CUST2617', 'PROD102', '0000-00-00', 'Delivered', 'Credit Card', 3),
('ORD10065', 'CUST4265', 'PROD106', '0000-00-00', 'Delivered', 'Cash on Delivery', 1),
('ORD10066', 'CUST3414', 'PROD105', '0000-00-00', 'Pending', 'PayPal', 4),
('ORD10067', 'CUST3933', 'PROD113', '0000-00-00', 'Pending', 'Cash on Delivery', 2),
('ORD10068', 'CUST3963', 'PROD113', '0000-00-00', 'Returned', 'Cash on Delivery', 5),
('ORD10069', 'CUST3029', 'PROD103', '0000-00-00', 'Pending', 'Credit Card', 2),
('ORD10070', 'CUST2383', 'PROD105', '0000-00-00', 'Pending', 'Cash on Delivery', 3),
('ORD10071', 'CUST1138', 'PROD113', '0000-00-00', 'Returned', 'Cash on Delivery', 3),
('ORD10072', 'CUST4400', 'PROD106', '0000-00-00', 'Cancelled', 'Cash on Delivery', 4),
('ORD10073', 'CUST1693', 'PROD102', '0000-00-00', 'Shipped', 'PayPal', 3),
('ORD10074', 'CUST1371', 'PROD105', '0000-00-00', 'Returned', 'Cash on Delivery', 5),
('ORD10075', 'CUST5445', 'PROD112', '0000-00-00', 'Cancelled', 'PayPal', 1),
('ORD10076', 'CUST1539', 'PROD105', '0000-00-00', 'Shipped', 'Credit Card', 2),
('ORD10077', 'CUST1892', 'PROD103', '0000-00-00', 'Cancelled', 'Credit Card', 3),
('ORD10078', 'CUST5088', 'PROD103', '0000-00-00', 'Pending', 'PayPal', 3),
('ORD10079', 'CUST3422', 'PROD108', '0000-00-00', 'Returned', 'Credit Card', 3),
('ORD10080', 'CUST2079', 'PROD111', '0000-00-00', 'Returned', 'Credit Card', 5),
('ORD10081', 'CUST1624', 'PROD109', '0000-00-00', 'Returned', 'Cash on Delivery', 4),
('ORD10082', 'CUST4048', 'PROD108', '0000-00-00', 'Delivered', 'PayPal', 2),
('ORD10083', 'CUST2089', 'PROD104', '0000-00-00', 'Shipped', 'Cash on Delivery', 2),
('ORD10084', 'CUST4354', 'PROD103', '0000-00-00', 'Delivered', 'Cash on Delivery', 2),
('ORD10085', 'CUST5300', 'PROD101', '0000-00-00', 'Pending', 'Cash on Delivery', 2),
('ORD10086', 'CUST3660', 'PROD109', '0000-00-00', 'Returned', 'PayPal', 4),
('ORD10087', 'CUST5297', 'PROD101', '0000-00-00', 'Shipped', 'Credit Card', 4),
('ORD10088', 'CUST4458', 'PROD104', '0000-00-00', 'Cancelled', 'Cash on Delivery', 2),
('ORD10089', 'CUST2896', 'PROD113', '0000-00-00', 'Pending', 'Cash on Delivery', 3),
('ORD10090', 'CUST3739', 'PROD102', '0000-00-00', 'Returned', 'PayPal', 2),
('ORD10091', 'CUST1832', 'PROD102', '0000-00-00', 'Delivered', 'Credit Card', 5),
('ORD10092', 'CUST1647', 'PROD114', '0000-00-00', 'Cancelled', 'PayPal', 4),
('ORD10093', 'CUST1807', 'PROD113', '0000-00-00', 'Returned', 'Credit Card', 2),
('ORD10094', 'CUST4296', 'PROD104', '0000-00-00', 'Pending', 'Credit Card', 3),
('ORD10095', 'CUST1254', 'PROD105', '0000-00-00', 'Shipped', 'Credit Card', 3),
('ORD10096', 'CUST1033', 'PROD114', '0000-00-00', 'Shipped', 'Credit Card', 2),
('ORD10097', 'CUST1698', 'PROD103', '0000-00-00', 'Returned', 'Credit Card', 1),
('ORD10098', 'CUST2386', 'PROD101', '0000-00-00', 'Cancelled', 'Credit Card', 5),
('ORD10099', 'CUST3511', 'PROD110', '0000-00-00', 'Shipped', 'PayPal', 1),
('ORD10100', 'CUST4247', 'PROD107', '0000-00-00', 'Shipped', 'Cash on Delivery', 2),
('ORD10101', 'CUST1711', 'PROD107', '0000-00-00', 'Pending', 'Credit Card', 1),
('ORD10102', 'CUST4202', 'PROD112', '0000-00-00', 'Returned', 'Credit Card', 1),
('ORD10103', 'CUST2644', 'PROD111', '0000-00-00', 'Cancelled', 'Credit Card', 2),
('ORD10104', 'CUST4536', 'PROD104', '0000-00-00', 'Shipped', 'Cash on Delivery', 5),
('ORD10105', 'CUST4165', 'PROD108', '0000-00-00', 'Delivered', 'Credit Card', 1),
('ORD10106', 'CUST1925', 'PROD114', '0000-00-00', 'Cancelled', 'Credit Card', 4),
('ORD10107', 'CUST4417', 'PROD103', '0000-00-00', 'Returned', 'PayPal', 4),
('ORD10108', 'CUST2226', 'PROD114', '0000-00-00', 'Delivered', 'Credit Card', 1),
('ORD10109', 'CUST3865', 'PROD110', '0000-00-00', 'Shipped', 'Credit Card', 2),
('ORD10110', 'CUST4945', 'PROD101', '0000-00-00', 'Cancelled', 'PayPal', 5),
('ORD10111', 'CUST2427', 'PROD103', '0000-00-00', 'Shipped', 'Cash on Delivery', 4),
('ORD10112', 'CUST4196', 'PROD102', '0000-00-00', 'Pending', 'Cash on Delivery', 1),
('ORD10113', 'CUST3804', 'PROD103', '0000-00-00', 'Delivered', 'PayPal', 3),
('ORD10114', 'CUST4589', 'PROD108', '0000-00-00', 'Shipped', 'PayPal', 2),
('ORD10115', 'CUST4582', 'PROD114', '0000-00-00', 'Returned', 'Credit Card', 2),
('ORD10116', 'CUST5308', 'PROD110', '0000-00-00', 'Cancelled', 'PayPal', 1),
('ORD10117', 'CUST5920', 'PROD112', '0000-00-00', 'Shipped', 'PayPal', 2),
('ORD10118', 'CUST5795', 'PROD101', '0000-00-00', 'Pending', 'Credit Card', 1),
('ORD10119', 'CUST1585', 'PROD113', '0000-00-00', 'Delivered', 'PayPal', 3),
('ORD10120', 'CUST4058', 'PROD103', '0000-00-00', 'Cancelled', 'Cash on Delivery', 4),
('ORD10121', 'CUST1287', 'PROD110', '0000-00-00', 'Cancelled', 'PayPal', 3),
('ORD10122', 'CUST3404', 'PROD104', '0000-00-00', 'Shipped', 'Cash on Delivery', 3),
('ORD10123', 'CUST4226', 'PROD101', '0000-00-00', 'Pending', 'Cash on Delivery', 1),
('ORD10124', 'CUST5542', 'PROD110', '0000-00-00', 'Pending', 'Cash on Delivery', 1),
('ORD10125', 'CUST4004', 'PROD105', '0000-00-00', 'Pending', 'PayPal', 2),
('ORD10126', 'CUST1197', 'PROD102', '0000-00-00', 'Delivered', 'PayPal', 4),
('ORD10127', 'CUST4677', 'PROD100', '0000-00-00', 'Shipped', 'Credit Card', 4),
('ORD10128', 'CUST4076', 'PROD100', '0000-00-00', 'Pending', 'PayPal', 1),
('ORD10129', 'CUST4734', 'PROD100', '0000-00-00', 'Pending', 'Cash on Delivery', 3),
('ORD10130', 'CUST2380', 'PROD101', '0000-00-00', 'Returned', 'PayPal', 5),
('ORD10131', 'CUST2688', 'PROD105', '0000-00-00', 'Shipped', 'Cash on Delivery', 2),
('ORD10132', 'CUST4943', 'PROD103', '0000-00-00', 'Pending', 'Credit Card', 2),
('ORD10133', 'CUST1648', 'PROD102', '0000-00-00', 'Cancelled', 'PayPal', 5),
('ORD10134', 'CUST1340', 'PROD107', '0000-00-00', 'Shipped', 'PayPal', 3),
('ORD10135', 'CUST4603', 'PROD112', '0000-00-00', 'Shipped', 'Credit Card', 2),
('ORD10136', 'CUST4267', 'PROD112', '0000-00-00', 'Cancelled', 'Cash on Delivery', 4),
('ORD10137', 'CUST1974', 'PROD108', '0000-00-00', 'Cancelled', 'PayPal', 1),
('ORD10138', 'CUST5305', 'PROD100', '0000-00-00', 'Shipped', 'Cash on Delivery', 5),
('ORD10139', 'CUST4964', 'PROD111', '0000-00-00', 'Returned', 'PayPal', 5),
('ORD10140', 'CUST4916', 'PROD108', '0000-00-00', 'Cancelled', 'Credit Card', 3),
('ORD10141', 'CUST2328', 'PROD102', '0000-00-00', 'Delivered', 'Credit Card', 3),
('ORD10142', 'CUST1192', 'PROD108', '0000-00-00', 'Delivered', 'Cash on Delivery', 4),
('ORD10143', 'CUST5839', 'PROD109', '0000-00-00', 'Pending', 'Credit Card', 2),
('ORD10144', 'CUST4245', 'PROD102', '0000-00-00', 'Delivered', 'Credit Card', 3),
('ORD10145', 'CUST4244', 'PROD105', '0000-00-00', 'Delivered', 'Credit Card', 4),
('ORD10146', 'CUST4733', 'PROD103', '0000-00-00', 'Returned', 'Credit Card', 1),
('ORD10147', 'CUST2820', 'PROD112', '0000-00-00', 'Delivered', 'Credit Card', 3),
('ORD10148', 'CUST5014', 'PROD101', '0000-00-00', 'Returned', 'Credit Card', 3),
('ORD10149', 'CUST1716', 'PROD111', '0000-00-00', 'Pending', 'Cash on Delivery', 3),
('ORD10150', 'CUST1987', 'PROD106', '0000-00-00', 'Shipped', 'PayPal', 4),
('ORD10151', 'CUST4033', 'PROD111', '0000-00-00', 'Cancelled', 'Credit Card', 5),
('ORD10152', 'CUST1292', 'PROD110', '0000-00-00', 'Pending', 'PayPal', 3),
('ORD10153', 'CUST1200', 'PROD109', '0000-00-00', 'Shipped', 'PayPal', 4),
('ORD10154', 'CUST5230', 'PROD102', '0000-00-00', 'Delivered', 'Cash on Delivery', 2),
('ORD10155', 'CUST5498', 'PROD101', '0000-00-00', 'Returned', 'Cash on Delivery', 4),
('ORD10156', 'CUST3570', 'PROD112', '0000-00-00', 'Returned', 'Cash on Delivery', 1),
('ORD10157', 'CUST3430', 'PROD114', '0000-00-00', 'Shipped', 'PayPal', 1),
('ORD10158', 'CUST1422', 'PROD107', '0000-00-00', 'Pending', 'Credit Card', 5),
('ORD10159', 'CUST3247', 'PROD112', '0000-00-00', 'Cancelled', 'PayPal', 4),
('ORD10160', 'CUST1148', 'PROD109', '0000-00-00', 'Cancelled', 'Credit Card', 1),
('ORD10161', 'CUST4993', 'PROD102', '0000-00-00', 'Pending', 'Credit Card', 3),
('ORD10162', 'CUST5481', 'PROD112', '0000-00-00', 'Pending', 'Credit Card', 1),
('ORD10163', 'CUST3163', 'PROD106', '0000-00-00', 'Cancelled', 'Credit Card', 1),
('ORD10164', 'CUST2223', 'PROD109', '0000-00-00', 'Returned', 'PayPal', 4),
('ORD10165', 'CUST3450', 'PROD106', '0000-00-00', 'Pending', 'PayPal', 1),
('ORD10166', 'CUST5229', 'PROD101', '0000-00-00', 'Delivered', 'Credit Card', 2),
('ORD10167', 'CUST4120', 'PROD107', '0000-00-00', 'Shipped', 'Credit Card', 4),
('ORD10168', 'CUST3343', 'PROD110', '0000-00-00', 'Cancelled', 'PayPal', 4),
('ORD10169', 'CUST5255', 'PROD108', '0000-00-00', 'Pending', 'Cash on Delivery', 5),
('ORD10170', 'CUST1552', 'PROD112', '0000-00-00', 'Shipped', 'Cash on Delivery', 3),
('ORD10171', 'CUST5599', 'PROD105', '0000-00-00', 'Delivered', 'Credit Card', 5),
('ORD10172', 'CUST3400', 'PROD101', '0000-00-00', 'Pending', 'Cash on Delivery', 5),
('ORD10173', 'CUST4387', 'PROD106', '0000-00-00', 'Returned', 'Cash on Delivery', 3),
('ORD10174', 'CUST1562', 'PROD108', '0000-00-00', 'Shipped', 'Cash on Delivery', 4),
('ORD10175', 'CUST5652', 'PROD110', '0000-00-00', 'Delivered', 'Credit Card', 1),
('ORD10176', 'CUST5448', 'PROD111', '0000-00-00', 'Pending', 'Credit Card', 4),
('ORD10177', 'CUST5125', 'PROD104', '0000-00-00', 'Pending', 'Cash on Delivery', 3),
('ORD10178', 'CUST4573', 'PROD108', '0000-00-00', 'Shipped', 'Credit Card', 2),
('ORD10179', 'CUST2946', 'PROD103', '0000-00-00', 'Shipped', 'PayPal', 2),
('ORD10180', 'CUST2644', 'PROD113', '0000-00-00', 'Cancelled', 'PayPal', 4),
('ORD10181', 'CUST3372', 'PROD102', '0000-00-00', 'Returned', 'PayPal', 3),
('ORD10182', 'CUST5534', 'PROD109', '0000-00-00', 'Returned', 'PayPal', 2),
('ORD10183', 'CUST5286', 'PROD108', '0000-00-00', 'Delivered', 'PayPal', 3),
('ORD10184', 'CUST4941', 'PROD104', '0000-00-00', 'Returned', 'PayPal', 4),
('ORD10185', 'CUST5175', 'PROD106', '0000-00-00', 'Delivered', 'Credit Card', 5),
('ORD10186', 'CUST2193', 'PROD102', '0000-00-00', 'Pending', 'PayPal', 3),
('ORD10187', 'CUST2784', 'PROD112', '0000-00-00', 'Delivered', 'Cash on Delivery', 2),
('ORD10188', 'CUST3466', 'PROD101', '0000-00-00', 'Delivered', 'PayPal', 1),
('ORD10189', 'CUST4591', 'PROD109', '0000-00-00', 'Cancelled', 'PayPal', 4),
('ORD10190', 'CUST3835', 'PROD113', '0000-00-00', 'Shipped', 'PayPal', 5),
('ORD10191', 'CUST2840', 'PROD105', '0000-00-00', 'Returned', 'Cash on Delivery', 5),
('ORD10192', 'CUST4438', 'PROD102', '0000-00-00', 'Pending', 'Credit Card', 5),
('ORD10193', 'CUST4442', 'PROD100', '0000-00-00', 'Pending', 'PayPal', 5),
('ORD10194', 'CUST2982', 'PROD111', '0000-00-00', 'Returned', 'Credit Card', 3),
('ORD10195', 'CUST1710', 'PROD105', '0000-00-00', 'Shipped', 'Cash on Delivery', 2),
('ORD10196', 'CUST4662', 'PROD112', '0000-00-00', 'Returned', 'Cash on Delivery', 5),
('ORD10197', 'CUST5602', 'PROD113', '0000-00-00', 'Cancelled', 'Cash on Delivery', 2),
('ORD10198', 'CUST5363', 'PROD104', '0000-00-00', 'Shipped', 'Cash on Delivery', 5),
('ORD10199', 'CUST5530', 'PROD103', '0000-00-00', 'Delivered', 'Credit Card', 4),
('ORD10200', 'CUST5616', 'PROD107', '0000-00-00', 'Returned', 'Credit Card', 2),
('ORD10201', 'CUST4600', 'PROD106', '0000-00-00', 'Returned', 'Credit Card', 5),
('ORD10202', 'CUST3934', 'PROD107', '0000-00-00', 'Cancelled', 'Credit Card', 3),
('ORD10203', 'CUST4591', 'PROD100', '0000-00-00', 'Delivered', 'PayPal', 2),
('ORD10204', 'CUST3190', 'PROD108', '0000-00-00', 'Shipped', 'Credit Card', 2),
('ORD10205', 'CUST3490', 'PROD111', '0000-00-00', 'Delivered', 'Cash on Delivery', 1),
('ORD10206', 'CUST1558', 'PROD102', '0000-00-00', 'Returned', 'PayPal', 1),
('ORD10207', 'CUST5416', 'PROD101', '0000-00-00', 'Delivered', 'Cash on Delivery', 3),
('ORD10208', 'CUST2812', 'PROD111', '0000-00-00', 'Shipped', 'PayPal', 2),
('ORD10209', 'CUST3492', 'PROD114', '0000-00-00', 'Cancelled', 'Credit Card', 2),
('ORD10210', 'CUST2367', 'PROD109', '0000-00-00', 'Cancelled', 'PayPal', 1),
('ORD10211', 'CUST2702', 'PROD100', '0000-00-00', 'Delivered', 'Credit Card', 1),
('ORD10212', 'CUST5639', 'PROD109', '0000-00-00', 'Shipped', 'Cash on Delivery', 1),
('ORD10213', 'CUST4161', 'PROD109', '0000-00-00', 'Pending', 'Cash on Delivery', 4),
('ORD10214', 'CUST5048', 'PROD112', '0000-00-00', 'Returned', 'PayPal', 1),
('ORD10215', 'CUST1907', 'PROD103', '0000-00-00', 'Cancelled', 'PayPal', 1),
('ORD10216', 'CUST3149', 'PROD103', '0000-00-00', 'Returned', 'Credit Card', 1),
('ORD10217', 'CUST4951', 'PROD113', '0000-00-00', 'Shipped', 'Cash on Delivery', 1),
('ORD10218', 'CUST3317', 'PROD108', '0000-00-00', 'Pending', 'PayPal', 4),
('ORD10219', 'CUST1776', 'PROD109', '0000-00-00', 'Returned', 'Cash on Delivery', 2),
('ORD10220', 'CUST2634', 'PROD104', '0000-00-00', 'Returned', 'PayPal', 3),
('ORD10221', 'CUST2081', 'PROD111', '0000-00-00', 'Cancelled', 'Credit Card', 4),
('ORD10222', 'CUST1379', 'PROD104', '0000-00-00', 'Pending', 'Credit Card', 5),
('ORD10223', 'CUST5727', 'PROD109', '0000-00-00', 'Delivered', 'Cash on Delivery', 3),
('ORD10224', 'CUST1654', 'PROD113', '0000-00-00', 'Delivered', 'PayPal', 1),
('ORD10225', 'CUST5054', 'PROD106', '0000-00-00', 'Returned', 'PayPal', 3),
('ORD10226', 'CUST2263', 'PROD110', '0000-00-00', 'Shipped', 'Cash on Delivery', 3),
('ORD10227', 'CUST5922', 'PROD106', '0000-00-00', 'Delivered', 'PayPal', 4),
('ORD10228', 'CUST5769', 'PROD113', '0000-00-00', 'Returned', 'PayPal', 1),
('ORD10229', 'CUST1948', 'PROD105', '0000-00-00', 'Pending', 'Credit Card', 2),
('ORD10230', 'CUST3153', 'PROD113', '0000-00-00', 'Returned', 'Credit Card', 4),
('ORD10231', 'CUST2188', 'PROD101', '0000-00-00', 'Delivered', 'Credit Card', 1),
('ORD10232', 'CUST2162', 'PROD111', '0000-00-00', 'Delivered', 'Credit Card', 1),
('ORD10233', 'CUST3181', 'PROD106', '0000-00-00', 'Pending', 'PayPal', 5),
('ORD10234', 'CUST1011', 'PROD104', '0000-00-00', 'Delivered', 'Credit Card', 1),
('ORD10235', 'CUST1587', 'PROD104', '0000-00-00', 'Cancelled', 'Credit Card', 5),
('ORD10236', 'CUST3656', 'PROD102', '0000-00-00', 'Shipped', 'Credit Card', 4),
('ORD10237', 'CUST1366', 'PROD104', '0000-00-00', 'Delivered', 'PayPal', 5),
('ORD10238', 'CUST2406', 'PROD108', '0000-00-00', 'Returned', 'PayPal', 3),
('ORD10239', 'CUST2944', 'PROD113', '0000-00-00', 'Pending', 'Credit Card', 5),
('ORD10240', 'CUST2640', 'PROD100', '0000-00-00', 'Delivered', 'PayPal', 1),
('ORD10241', 'CUST5457', 'PROD102', '0000-00-00', 'Delivered', 'Credit Card', 1),
('ORD10242', 'CUST1395', 'PROD107', '0000-00-00', 'Returned', 'Credit Card', 5),
('ORD10243', 'CUST5595', 'PROD101', '0000-00-00', 'Cancelled', 'Cash on Delivery', 4),
('ORD10244', 'CUST2500', 'PROD102', '0000-00-00', 'Returned', 'PayPal', 3),
('ORD10245', 'CUST3649', 'PROD101', '0000-00-00', 'Returned', 'PayPal', 4),
('ORD10246', 'CUST4988', 'PROD105', '0000-00-00', 'Shipped', 'PayPal', 5),
('ORD10247', 'CUST5522', 'PROD107', '0000-00-00', 'Delivered', 'Cash on Delivery', 4),
('ORD10248', 'CUST3766', 'PROD102', '0000-00-00', 'Delivered', 'Credit Card', 2),
('ORD10249', 'CUST2332', 'PROD105', '0000-00-00', 'Cancelled', 'Credit Card', 5),
('ORD10250', 'CUST5409', 'PROD101', '0000-00-00', 'Cancelled', 'Credit Card', 2),
('ORD10251', 'CUST1101', 'PROD100', '0000-00-00', 'Returned', 'PayPal', 1),
('ORD10252', 'CUST4425', 'PROD106', '0000-00-00', 'Delivered', 'PayPal', 4),
('ORD10253', 'CUST4623', 'PROD110', '0000-00-00', 'Shipped', 'Cash on Delivery', 1),
('ORD10254', 'CUST1872', 'PROD114', '0000-00-00', 'Returned', 'Credit Card', 1),
('ORD10255', 'CUST3649', 'PROD114', '0000-00-00', 'Returned', 'Cash on Delivery', 1),
('ORD10256', 'CUST1662', 'PROD109', '0000-00-00', 'Pending', 'PayPal', 4),
('ORD10257', 'CUST2020', 'PROD108', '0000-00-00', 'Shipped', 'Cash on Delivery', 5),
('ORD10258', 'CUST1954', 'PROD104', '0000-00-00', 'Cancelled', 'Cash on Delivery', 4),
('ORD10259', 'CUST3325', 'PROD101', '0000-00-00', 'Pending', 'PayPal', 2),
('ORD10260', 'CUST1133', 'PROD102', '0000-00-00', 'Returned', 'Credit Card', 1),
('ORD10261', 'CUST1762', 'PROD101', '0000-00-00', 'Returned', 'PayPal', 3),
('ORD10262', 'CUST1518', 'PROD108', '0000-00-00', 'Shipped', 'PayPal', 4),
('ORD10263', 'CUST4258', 'PROD111', '0000-00-00', 'Cancelled', 'PayPal', 3),
('ORD10264', 'CUST3773', 'PROD109', '0000-00-00', 'Shipped', 'PayPal', 5),
('ORD10265', 'CUST4410', 'PROD107', '0000-00-00', 'Shipped', 'PayPal', 1),
('ORD10266', 'CUST1103', 'PROD107', '0000-00-00', 'Cancelled', 'Credit Card', 1),
('ORD10267', 'CUST3327', 'PROD107', '0000-00-00', 'Cancelled', 'PayPal', 2),
('ORD10268', 'CUST2917', 'PROD106', '0000-00-00', 'Cancelled', 'Credit Card', 1),
('ORD10269', 'CUST3174', 'PROD108', '0000-00-00', 'Cancelled', 'PayPal', 2),
('ORD10270', 'CUST5419', 'PROD102', '0000-00-00', 'Pending', 'PayPal', 4),
('ORD10271', 'CUST4068', 'PROD114', '0000-00-00', 'Returned', 'Credit Card', 2),
('ORD10272', 'CUST3909', 'PROD100', '0000-00-00', 'Cancelled', 'PayPal', 1),
('ORD10273', 'CUST5886', 'PROD102', '0000-00-00', 'Pending', 'PayPal', 4),
('ORD10274', 'CUST5198', 'PROD109', '0000-00-00', 'Delivered', 'Credit Card', 2),
('ORD10275', 'CUST2961', 'PROD100', '0000-00-00', 'Shipped', 'PayPal', 4),
('ORD10276', 'CUST3245', 'PROD107', '0000-00-00', 'Cancelled', 'PayPal', 3),
('ORD10277', 'CUST4040', 'PROD109', '0000-00-00', 'Shipped', 'PayPal', 1),
('ORD10278', 'CUST1375', 'PROD103', '0000-00-00', 'Cancelled', 'PayPal', 5),
('ORD10279', 'CUST4647', 'PROD114', '0000-00-00', 'Pending', 'Cash on Delivery', 3),
('ORD10280', 'CUST4359', 'PROD112', '0000-00-00', 'Returned', 'Credit Card', 2),
('ORD10281', 'CUST5540', 'PROD103', '0000-00-00', 'Returned', 'Cash on Delivery', 3),
('ORD10282', 'CUST3904', 'PROD107', '0000-00-00', 'Delivered', 'Cash on Delivery', 4),
('ORD10283', 'CUST1742', 'PROD103', '0000-00-00', 'Pending', 'Credit Card', 2),
('ORD10284', 'CUST4273', 'PROD100', '0000-00-00', 'Delivered', 'Cash on Delivery', 4),
('ORD10285', 'CUST5346', 'PROD101', '0000-00-00', 'Pending', 'Cash on Delivery', 4),
('ORD10286', 'CUST5324', 'PROD108', '0000-00-00', 'Returned', 'Cash on Delivery', 2),
('ORD10287', 'CUST2838', 'PROD108', '0000-00-00', 'Cancelled', 'Credit Card', 4),
('ORD10288', 'CUST1581', 'PROD111', '0000-00-00', 'Shipped', 'PayPal', 1),
('ORD10289', 'CUST1579', 'PROD114', '0000-00-00', 'Returned', 'Credit Card', 4),
('ORD10290', 'CUST3487', 'PROD111', '0000-00-00', 'Cancelled', 'PayPal', 3),
('ORD10291', 'CUST5561', 'PROD104', '0000-00-00', 'Delivered', 'Credit Card', 1),
('ORD10292', 'CUST5616', 'PROD110', '0000-00-00', 'Returned', 'PayPal', 4),
('ORD10293', 'CUST4708', 'PROD114', '0000-00-00', 'Cancelled', 'Credit Card', 1),
('ORD10294', 'CUST5644', 'PROD114', '0000-00-00', 'Pending', 'Cash on Delivery', 5),
('ORD10295', 'CUST2957', 'PROD112', '0000-00-00', 'Delivered', 'PayPal', 2),
('ORD10296', 'CUST2019', 'PROD101', '0000-00-00', 'Delivered', 'PayPal', 3),
('ORD10297', 'CUST5221', 'PROD105', '0000-00-00', 'Returned', 'Credit Card', 2),
('ORD10298', 'CUST4237', 'PROD103', '0000-00-00', 'Delivered', 'Cash on Delivery', 3),
('ORD10299', 'CUST3172', 'PROD113', '0000-00-00', 'Returned', 'Credit Card', 5),
('ORD10300', 'CUST2321', 'PROD107', '0000-00-00', 'Pending', 'Cash on Delivery', 4),
('ORD10301', 'CUST5839', 'PROD110', '0000-00-00', 'Shipped', 'Cash on Delivery', 3),
('ORD10302', 'CUST2117', 'PROD111', '0000-00-00', 'Shipped', 'PayPal', 2),
('ORD10303', 'CUST1544', 'PROD105', '0000-00-00', 'Returned', 'Credit Card', 1),
('ORD10304', 'CUST3146', 'PROD106', '0000-00-00', 'Cancelled', 'Credit Card', 1),
('ORD10305', 'CUST5063', 'PROD114', '0000-00-00', 'Pending', 'PayPal', 4),
('ORD10306', 'CUST2522', 'PROD110', '0000-00-00', 'Returned', 'Credit Card', 4),
('ORD10307', 'CUST2928', 'PROD106', '0000-00-00', 'Returned', 'PayPal', 2),
('ORD10308', 'CUST1953', 'PROD105', '0000-00-00', 'Pending', 'PayPal', 4),
('ORD10309', 'CUST5329', 'PROD113', '0000-00-00', 'Cancelled', 'Cash on Delivery', 2),
('ORD10310', 'CUST2734', 'PROD106', '0000-00-00', 'Pending', 'Cash on Delivery', 1),
('ORD10311', 'CUST3282', 'PROD103', '0000-00-00', 'Shipped', 'PayPal', 4),
('ORD10312', 'CUST2894', 'PROD105', '0000-00-00', 'Delivered', 'Credit Card', 5),
('ORD10313', 'CUST3453', 'PROD104', '0000-00-00', 'Pending', 'Cash on Delivery', 3),
('ORD10314', 'CUST1359', 'PROD103', '0000-00-00', 'Returned', 'Cash on Delivery', 4),
('ORD10315', 'CUST2179', 'PROD102', '0000-00-00', 'Delivered', 'Cash on Delivery', 2),
('ORD10316', 'CUST5812', 'PROD114', '0000-00-00', 'Shipped', 'Cash on Delivery', 2),
('ORD10317', 'CUST3746', 'PROD100', '0000-00-00', 'Returned', 'Credit Card', 4),
('ORD10318', 'CUST5966', 'PROD100', '0000-00-00', 'Cancelled', 'Credit Card', 1),
('ORD10319', 'CUST3175', 'PROD110', '0000-00-00', 'Pending', 'Credit Card', 4),
('ORD10320', 'CUST1430', 'PROD109', '0000-00-00', 'Delivered', 'Cash on Delivery', 3),
('ORD10321', 'CUST1731', 'PROD113', '0000-00-00', 'Pending', 'PayPal', 4),
('ORD10322', 'CUST2874', 'PROD106', '0000-00-00', 'Shipped', 'Cash on Delivery', 2),
('ORD10323', 'CUST1224', 'PROD111', '0000-00-00', 'Delivered', 'Credit Card', 2),
('ORD10324', 'CUST1180', 'PROD111', '0000-00-00', 'Pending', 'Cash on Delivery', 1),
('ORD10325', 'CUST1139', 'PROD113', '0000-00-00', 'Shipped', 'Credit Card', 2),
('ORD10326', 'CUST2404', 'PROD110', '0000-00-00', 'Shipped', 'Cash on Delivery', 3),
('ORD10327', 'CUST3438', 'PROD101', '0000-00-00', 'Pending', 'Credit Card', 3),
('ORD10328', 'CUST2854', 'PROD111', '0000-00-00', 'Cancelled', 'Credit Card', 5),
('ORD10329', 'CUST1434', 'PROD110', '0000-00-00', 'Shipped', 'Cash on Delivery', 1),
('ORD10330', 'CUST1829', 'PROD100', '0000-00-00', 'Pending', 'Credit Card', 1),
('ORD10331', 'CUST5677', 'PROD111', '0000-00-00', 'Delivered', 'Cash on Delivery', 4),
('ORD10332', 'CUST1782', 'PROD100', '0000-00-00', 'Pending', 'Credit Card', 5),
('ORD10333', 'CUST5827', 'PROD100', '0000-00-00', 'Returned', 'PayPal', 4),
('ORD10334', 'CUST1318', 'PROD112', '0000-00-00', 'Returned', 'PayPal', 3),
('ORD10335', 'CUST1802', 'PROD108', '0000-00-00', 'Delivered', 'Credit Card', 4),
('ORD10336', 'CUST3346', 'PROD110', '0000-00-00', 'Cancelled', 'Credit Card', 4),
('ORD10337', 'CUST4417', 'PROD103', '0000-00-00', 'Shipped', 'Cash on Delivery', 2),
('ORD10338', 'CUST4516', 'PROD100', '0000-00-00', 'Cancelled', 'PayPal', 1),
('ORD10339', 'CUST5739', 'PROD103', '0000-00-00', 'Pending', 'Cash on Delivery', 5),
('ORD10340', 'CUST2638', 'PROD106', '0000-00-00', 'Cancelled', 'Credit Card', 4),
('ORD10341', 'CUST3037', 'PROD113', '0000-00-00', 'Delivered', 'PayPal', 3),
('ORD10342', 'CUST5246', 'PROD101', '0000-00-00', 'Delivered', 'PayPal', 4),
('ORD10343', 'CUST1008', 'PROD107', '0000-00-00', 'Shipped', 'Credit Card', 4),
('ORD10344', 'CUST4854', 'PROD100', '0000-00-00', 'Pending', 'PayPal', 1),
('ORD10345', 'CUST4085', 'PROD109', '0000-00-00', 'Cancelled', 'PayPal', 5),
('ORD10346', 'CUST4964', 'PROD103', '0000-00-00', 'Shipped', 'Cash on Delivery', 5),
('ORD10347', 'CUST5752', 'PROD103', '0000-00-00', 'Cancelled', 'Credit Card', 5),
('ORD10348', 'CUST2923', 'PROD107', '0000-00-00', 'Pending', 'PayPal', 4),
('ORD10349', 'CUST1509', 'PROD112', '0000-00-00', 'Delivered', 'Credit Card', 2),
('ORD10350', 'CUST5722', 'PROD109', '0000-00-00', 'Cancelled', 'Credit Card', 1),
('ORD10351', 'CUST4191', 'PROD111', '0000-00-00', 'Shipped', 'PayPal', 1),
('ORD10352', 'CUST5111', 'PROD112', '0000-00-00', 'Shipped', 'PayPal', 1),
('ORD10353', 'CUST1363', 'PROD112', '0000-00-00', 'Delivered', 'PayPal', 5),
('ORD10354', 'CUST5665', 'PROD112', '0000-00-00', 'Shipped', 'PayPal', 5),
('ORD10355', 'CUST5925', 'PROD110', '0000-00-00', 'Cancelled', 'Cash on Delivery', 3),
('ORD10356', 'CUST4949', 'PROD103', '0000-00-00', 'Delivered', 'Cash on Delivery', 4),
('ORD10357', 'CUST3141', 'PROD102', '0000-00-00', 'Delivered', 'Cash on Delivery', 2),
('ORD10358', 'CUST5435', 'PROD107', '0000-00-00', 'Cancelled', 'Credit Card', 3),
('ORD10359', 'CUST3978', 'PROD106', '0000-00-00', 'Pending', 'PayPal', 5),
('ORD10360', 'CUST2181', 'PROD101', '0000-00-00', 'Returned', 'Cash on Delivery', 5),
('ORD10361', 'CUST4101', 'PROD107', '0000-00-00', 'Pending', 'Credit Card', 1),
('ORD10362', 'CUST1859', 'PROD108', '0000-00-00', 'Cancelled', 'Credit Card', 5),
('ORD10363', 'CUST5637', 'PROD101', '0000-00-00', 'Returned', 'Credit Card', 2),
('ORD10364', 'CUST1950', 'PROD114', '0000-00-00', 'Cancelled', 'Credit Card', 1),
('ORD10365', 'CUST4958', 'PROD102', '0000-00-00', 'Returned', 'Credit Card', 5),
('ORD10366', 'CUST1603', 'PROD107', '0000-00-00', 'Delivered', 'PayPal', 2),
('ORD10367', 'CUST5529', 'PROD101', '0000-00-00', 'Returned', 'PayPal', 5),
('ORD10368', 'CUST1183', 'PROD100', '0000-00-00', 'Cancelled', 'PayPal', 2),
('ORD10369', 'CUST3931', 'PROD104', '0000-00-00', 'Pending', 'Cash on Delivery', 4),
('ORD10370', 'CUST2238', 'PROD104', '0000-00-00', 'Shipped', 'Cash on Delivery', 3),
('ORD10371', 'CUST2696', 'PROD102', '0000-00-00', 'Cancelled', 'Credit Card', 1),
('ORD10372', 'CUST4530', 'PROD107', '0000-00-00', 'Returned', 'Credit Card', 1),
('ORD10373', 'CUST2419', 'PROD101', '0000-00-00', 'Shipped', 'Cash on Delivery', 3),
('ORD10374', 'CUST2592', 'PROD109', '0000-00-00', 'Cancelled', 'Cash on Delivery', 1),
('ORD10375', 'CUST2547', 'PROD114', '0000-00-00', 'Delivered', 'Credit Card', 4),
('ORD10376', 'CUST4021', 'PROD106', '0000-00-00', 'Delivered', 'Credit Card', 5),
('ORD10377', 'CUST3733', 'PROD106', '0000-00-00', 'Cancelled', 'Cash on Delivery', 5),
('ORD10378', 'CUST3098', 'PROD100', '0000-00-00', 'Shipped', 'PayPal', 3),
('ORD10379', 'CUST5183', 'PROD111', '0000-00-00', 'Shipped', 'PayPal', 2),
('ORD10380', 'CUST5023', 'PROD101', '0000-00-00', 'Cancelled', 'Credit Card', 4),
('ORD10381', 'CUST2257', 'PROD112', '0000-00-00', 'Returned', 'PayPal', 2),
('ORD10382', 'CUST4986', 'PROD109', '0000-00-00', 'Pending', 'Cash on Delivery', 1),
('ORD10383', 'CUST2361', 'PROD101', '0000-00-00', 'Delivered', 'Credit Card', 2),
('ORD10384', 'CUST1205', 'PROD114', '0000-00-00', 'Shipped', 'Credit Card', 4),
('ORD10385', 'CUST1388', 'PROD106', '0000-00-00', 'Pending', 'PayPal', 5),
('ORD10386', 'CUST4534', 'PROD104', '0000-00-00', 'Returned', 'Credit Card', 5),
('ORD10387', 'CUST3643', 'PROD105', '0000-00-00', 'Delivered', 'Cash on Delivery', 4),
('ORD10388', 'CUST3031', 'PROD107', '0000-00-00', 'Cancelled', 'PayPal', 5),
('ORD10389', 'CUST5243', 'PROD102', '0000-00-00', 'Shipped', 'Credit Card', 3),
('ORD10390', 'CUST5050', 'PROD102', '0000-00-00', 'Shipped', 'Cash on Delivery', 1),
('ORD10391', 'CUST1064', 'PROD106', '0000-00-00', 'Cancelled', 'Cash on Delivery', 2),
('ORD10392', 'CUST5014', 'PROD100', '0000-00-00', 'Pending', 'PayPal', 4),
('ORD10393', 'CUST2633', 'PROD100', '0000-00-00', 'Pending', 'Credit Card', 1),
('ORD10394', 'CUST5678', 'PROD105', '0000-00-00', 'Shipped', 'Cash on Delivery', 4),
('ORD10395', 'CUST2954', 'PROD107', '0000-00-00', 'Delivered', 'Credit Card', 4),
('ORD10396', 'CUST3737', 'PROD104', '0000-00-00', 'Cancelled', 'PayPal', 5),
('ORD10397', 'CUST3060', 'PROD100', '0000-00-00', 'Cancelled', 'Cash on Delivery', 1),
('ORD10398', 'CUST3332', 'PROD104', '0000-00-00', 'Shipped', 'Credit Card', 1),
('ORD10399', 'CUST2985', 'PROD108', '0000-00-00', 'Delivered', 'PayPal', 3),
('ORD10400', 'CUST1707', 'PROD100', '0000-00-00', 'Returned', 'PayPal', 4),
('ORD10401', 'CUST4239', 'PROD104', '0000-00-00', 'Cancelled', 'PayPal', 3),
('ORD10402', 'CUST2686', 'PROD108', '0000-00-00', 'Pending', 'Cash on Delivery', 1),
('ORD10403', 'CUST3774', 'PROD112', '0000-00-00', 'Shipped', 'Credit Card', 2),
('ORD10404', 'CUST3392', 'PROD105', '0000-00-00', 'Shipped', 'PayPal', 3),
('ORD10405', 'CUST1541', 'PROD107', '0000-00-00', 'Delivered', 'Credit Card', 2),
('ORD10406', 'CUST4678', 'PROD111', '0000-00-00', 'Pending', 'Cash on Delivery', 4),
('ORD10407', 'CUST2438', 'PROD110', '0000-00-00', 'Pending', 'PayPal', 2),
('ORD10408', 'CUST2206', 'PROD104', '0000-00-00', 'Pending', 'Credit Card', 3),
('ORD10409', 'CUST1976', 'PROD114', '0000-00-00', 'Returned', 'PayPal', 5),
('ORD10410', 'CUST2742', 'PROD103', '0000-00-00', 'Returned', 'Cash on Delivery', 3),
('ORD10411', 'CUST5251', 'PROD110', '0000-00-00', 'Returned', 'Credit Card', 1),
('ORD10412', 'CUST1319', 'PROD113', '0000-00-00', 'Cancelled', 'Cash on Delivery', 1),
('ORD10413', 'CUST5318', 'PROD103', '0000-00-00', 'Delivered', 'Cash on Delivery', 1),
('ORD10414', 'CUST5441', 'PROD103', '0000-00-00', 'Delivered', 'PayPal', 4),
('ORD10415', 'CUST1637', 'PROD109', '0000-00-00', 'Returned', 'Cash on Delivery', 5),
('ORD10416', 'CUST3096', 'PROD111', '0000-00-00', 'Cancelled', 'Cash on Delivery', 2),
('ORD10417', 'CUST5619', 'PROD104', '0000-00-00', 'Delivered', 'PayPal', 4),
('ORD10418', 'CUST3497', 'PROD102', '0000-00-00', 'Returned', 'Cash on Delivery', 2),
('ORD10419', 'CUST1281', 'PROD107', '0000-00-00', 'Shipped', 'Cash on Delivery', 5),
('ORD10420', 'CUST3502', 'PROD110', '0000-00-00', 'Pending', 'Credit Card', 3),
('ORD10421', 'CUST4671', 'PROD106', '0000-00-00', 'Pending', 'PayPal', 2),
('ORD10422', 'CUST1258', 'PROD101', '0000-00-00', 'Delivered', 'PayPal', 2),
('ORD10423', 'CUST1204', 'PROD114', '0000-00-00', 'Returned', 'Cash on Delivery', 4),
('ORD10424', 'CUST2988', 'PROD110', '0000-00-00', 'Cancelled', 'Cash on Delivery', 2),
('ORD10425', 'CUST3225', 'PROD106', '0000-00-00', 'Shipped', 'Credit Card', 2),
('ORD10426', 'CUST4090', 'PROD107', '0000-00-00', 'Returned', 'Cash on Delivery', 4),
('ORD10427', 'CUST5919', 'PROD107', '0000-00-00', 'Pending', 'Cash on Delivery', 5),
('ORD10428', 'CUST3221', 'PROD101', '0000-00-00', 'Pending', 'PayPal', 5),
('ORD10429', 'CUST5306', 'PROD105', '0000-00-00', 'Cancelled', 'Credit Card', 4),
('ORD10430', 'CUST4192', 'PROD113', '0000-00-00', 'Shipped', 'Cash on Delivery', 2),
('ORD10431', 'CUST3839', 'PROD112', '0000-00-00', 'Returned', 'PayPal', 4),
('ORD10432', 'CUST2436', 'PROD108', '0000-00-00', 'Shipped', 'Credit Card', 2),
('ORD10433', 'CUST1857', 'PROD101', '0000-00-00', 'Cancelled', 'Cash on Delivery', 1),
('ORD10434', 'CUST3958', 'PROD106', '0000-00-00', 'Shipped', 'PayPal', 2),
('ORD10435', 'CUST1640', 'PROD104', '0000-00-00', 'Shipped', 'PayPal', 3),
('ORD10436', 'CUST1302', 'PROD102', '0000-00-00', 'Cancelled', 'Cash on Delivery', 4),
('ORD10437', 'CUST5366', 'PROD103', '0000-00-00', 'Cancelled', 'Credit Card', 5),
('ORD10438', 'CUST3808', 'PROD104', '0000-00-00', 'Returned', 'PayPal', 2),
('ORD10439', 'CUST5610', 'PROD112', '0000-00-00', 'Shipped', 'Cash on Delivery', 1),
('ORD10440', 'CUST1875', 'PROD112', '0000-00-00', 'Pending', 'PayPal', 4),
('ORD10441', 'CUST5811', 'PROD101', '0000-00-00', 'Delivered', 'PayPal', 3),
('ORD10442', 'CUST1939', 'PROD105', '0000-00-00', 'Cancelled', 'Credit Card', 5),
('ORD10443', 'CUST1083', 'PROD108', '0000-00-00', 'Returned', 'Credit Card', 2),
('ORD10444', 'CUST5627', 'PROD100', '0000-00-00', 'Delivered', 'Credit Card', 2),
('ORD10445', 'CUST2216', 'PROD109', '0000-00-00', 'Shipped', 'PayPal', 3),
('ORD10446', 'CUST4396', 'PROD108', '0000-00-00', 'Pending', 'PayPal', 4),
('ORD10447', 'CUST2220', 'PROD103', '0000-00-00', 'Delivered', 'Credit Card', 4),
('ORD10448', 'CUST2713', 'PROD110', '0000-00-00', 'Shipped', 'PayPal', 2),
('ORD10449', 'CUST4346', 'PROD110', '0000-00-00', 'Returned', 'Credit Card', 4),
('ORD10450', 'CUST4118', 'PROD114', '0000-00-00', 'Returned', 'PayPal', 3),
('ORD10451', 'CUST5325', 'PROD100', '0000-00-00', 'Cancelled', 'Cash on Delivery', 2),
('ORD10452', 'CUST5462', 'PROD101', '0000-00-00', 'Pending', 'Credit Card', 2),
('ORD10453', 'CUST4364', 'PROD102', '0000-00-00', 'Returned', 'Cash on Delivery', 5),
('ORD10454', 'CUST1389', 'PROD110', '0000-00-00', 'Cancelled', 'PayPal', 5),
('ORD10455', 'CUST3346', 'PROD113', '0000-00-00', 'Returned', 'Credit Card', 1),
('ORD10456', 'CUST1029', 'PROD109', '0000-00-00', 'Pending', 'Cash on Delivery', 4),
('ORD10457', 'CUST4080', 'PROD107', '0000-00-00', 'Pending', 'PayPal', 1),
('ORD10458', 'CUST4995', 'PROD102', '0000-00-00', 'Returned', 'Credit Card', 4),
('ORD10459', 'CUST1350', 'PROD114', '0000-00-00', 'Cancelled', 'PayPal', 4),
('ORD10460', 'CUST5182', 'PROD100', '0000-00-00', 'Shipped', 'PayPal', 2),
('ORD10461', 'CUST1917', 'PROD100', '0000-00-00', 'Delivered', 'PayPal', 3),
('ORD10462', 'CUST4543', 'PROD114', '0000-00-00', 'Cancelled', 'PayPal', 4),
('ORD10463', 'CUST3612', 'PROD108', '0000-00-00', 'Cancelled', 'Cash on Delivery', 4),
('ORD10464', 'CUST3254', 'PROD109', '0000-00-00', 'Delivered', 'PayPal', 3),
('ORD10465', 'CUST1111', 'PROD104', '0000-00-00', 'Pending', 'Cash on Delivery', 5),
('ORD10466', 'CUST5028', 'PROD108', '0000-00-00', 'Pending', 'Cash on Delivery', 3),
('ORD10467', 'CUST4624', 'PROD102', '0000-00-00', 'Pending', 'Credit Card', 5),
('ORD10468', 'CUST1129', 'PROD106', '0000-00-00', 'Pending', 'Cash on Delivery', 3),
('ORD10469', 'CUST3819', 'PROD111', '0000-00-00', 'Shipped', 'PayPal', 1),
('ORD10470', 'CUST1320', 'PROD112', '0000-00-00', 'Shipped', 'PayPal', 2),
('ORD10471', 'CUST5048', 'PROD103', '0000-00-00', 'Shipped', 'PayPal', 1),
('ORD10472', 'CUST4573', 'PROD106', '0000-00-00', 'Delivered', 'Credit Card', 2),
('ORD10473', 'CUST1275', 'PROD110', '0000-00-00', 'Shipped', 'PayPal', 2),
('ORD10474', 'CUST1178', 'PROD107', '0000-00-00', 'Shipped', 'Credit Card', 2),
('ORD10475', 'CUST2576', 'PROD112', '0000-00-00', 'Cancelled', 'Cash on Delivery', 4),
('ORD10476', 'CUST5203', 'PROD101', '0000-00-00', 'Shipped', 'Credit Card', 1),
('ORD10477', 'CUST4408', 'PROD113', '0000-00-00', 'Pending', 'PayPal', 3),
('ORD10478', 'CUST5597', 'PROD104', '0000-00-00', 'Pending', 'Cash on Delivery', 4),
('ORD10479', 'CUST3832', 'PROD111', '0000-00-00', 'Pending', 'Cash on Delivery', 3),
('ORD10480', 'CUST4407', 'PROD114', '0000-00-00', 'Pending', 'Credit Card', 4),
('ORD10481', 'CUST3790', 'PROD106', '0000-00-00', 'Shipped', 'Credit Card', 2),
('ORD10482', 'CUST3995', 'PROD108', '0000-00-00', 'Delivered', 'Credit Card', 1),
('ORD10483', 'CUST3692', 'PROD108', '0000-00-00', 'Returned', 'Cash on Delivery', 2),
('ORD10484', 'CUST2626', 'PROD102', '0000-00-00', 'Returned', 'PayPal', 1),
('ORD10485', 'CUST2201', 'PROD112', '0000-00-00', 'Returned', 'PayPal', 5),
('ORD10486', 'CUST1182', 'PROD109', '0000-00-00', 'Cancelled', 'Credit Card', 1),
('ORD10487', 'CUST1168', 'PROD110', '0000-00-00', 'Returned', 'PayPal', 5),
('ORD10488', 'CUST4686', 'PROD113', '0000-00-00', 'Delivered', 'Cash on Delivery', 5),
('ORD10489', 'CUST4145', 'PROD102', '0000-00-00', 'Pending', 'Credit Card', 3),
('ORD10490', 'CUST2679', 'PROD107', '0000-00-00', 'Delivered', 'Cash on Delivery', 2),
('ORD10491', 'CUST2683', 'PROD109', '0000-00-00', 'Returned', 'Credit Card', 2),
('ORD10492', 'CUST4112', 'PROD107', '0000-00-00', 'Delivered', 'Cash on Delivery', 1),
('ORD10493', 'CUST1241', 'PROD109', '0000-00-00', 'Delivered', 'PayPal', 4),
('ORD10494', 'CUST4208', 'PROD103', '0000-00-00', 'Cancelled', 'PayPal', 2),
('ORD10495', 'CUST1283', 'PROD114', '0000-00-00', 'Pending', 'Cash on Delivery', 4),
('ORD10496', 'CUST4981', 'PROD101', '0000-00-00', 'Cancelled', 'Credit Card', 5),
('ORD10497', 'CUST3974', 'PROD111', '0000-00-00', 'Pending', 'PayPal', 2),
('ORD10498', 'CUST5518', 'PROD113', '0000-00-00', 'Cancelled', 'Credit Card', 5),
('ORD10499', 'CUST5274', 'PROD113', '0000-00-00', 'Cancelled', 'Credit Card', 3),
('ORD10500', 'CUST4009', 'PROD110', '0000-00-00', 'Cancelled', 'Cash on Delivery', 2),
('ORD10501', 'CUST3002', 'PROD111', '0000-00-00', 'Delivered', 'PayPal', 4),
('ORD10502', 'CUST4137', 'PROD113', '0000-00-00', 'Cancelled', 'PayPal', 3),
('ORD10503', 'CUST4045', 'PROD102', '0000-00-00', 'Shipped', 'Credit Card', 1),
('ORD10504', 'CUST1438', 'PROD100', '0000-00-00', 'Shipped', 'Credit Card', 5),
('ORD10505', 'CUST3891', 'PROD101', '0000-00-00', 'Delivered', 'PayPal', 1),
('ORD10506', 'CUST5045', 'PROD104', '0000-00-00', 'Pending', 'Cash on Delivery', 1),
('ORD10507', 'CUST4757', 'PROD109', '0000-00-00', 'Returned', 'Credit Card', 1),
('ORD10508', 'CUST4304', 'PROD102', '0000-00-00', 'Pending', 'PayPal', 2),
('ORD10509', 'CUST2578', 'PROD114', '0000-00-00', 'Cancelled', 'Cash on Delivery', 5),
('ORD10510', 'CUST2993', 'PROD105', '0000-00-00', 'Returned', 'PayPal', 4),
('ORD10511', 'CUST1839', 'PROD111', '0000-00-00', 'Returned', 'Credit Card', 5),
('ORD10512', 'CUST3325', 'PROD106', '0000-00-00', 'Shipped', 'PayPal', 3),
('ORD10513', 'CUST3598', 'PROD112', '0000-00-00', 'Returned', 'Credit Card', 3),
('ORD10514', 'CUST5513', 'PROD104', '0000-00-00', 'Delivered', 'Cash on Delivery', 3),
('ORD10515', 'CUST1691', 'PROD111', '0000-00-00', 'Pending', 'Cash on Delivery', 1),
('ORD10516', 'CUST2811', 'PROD114', '0000-00-00', 'Pending', 'PayPal', 2),
('ORD10517', 'CUST5594', 'PROD103', '0000-00-00', 'Pending', 'Credit Card', 2),
('ORD10518', 'CUST3060', 'PROD104', '0000-00-00', 'Shipped', 'Credit Card', 1),
('ORD10519', 'CUST4924', 'PROD102', '0000-00-00', 'Returned', 'Cash on Delivery', 4),
('ORD10520', 'CUST1747', 'PROD114', '0000-00-00', 'Pending', 'Credit Card', 4),
('ORD10521', 'CUST2929', 'PROD100', '0000-00-00', 'Shipped', 'Credit Card', 4),
('ORD10522', 'CUST3695', 'PROD102', '0000-00-00', 'Delivered', 'Cash on Delivery', 1),
('ORD10523', 'CUST2710', 'PROD114', '0000-00-00', 'Delivered', 'Credit Card', 4),
('ORD10524', 'CUST4288', 'PROD102', '0000-00-00', 'Returned', 'PayPal', 3),
('ORD10525', 'CUST5402', 'PROD104', '0000-00-00', 'Pending', 'Cash on Delivery', 3),
('ORD10526', 'CUST4088', 'PROD107', '0000-00-00', 'Pending', 'Cash on Delivery', 2),
('ORD10527', 'CUST4586', 'PROD112', '0000-00-00', 'Delivered', 'Credit Card', 3),
('ORD10528', 'CUST4363', 'PROD114', '0000-00-00', 'Shipped', 'PayPal', 3),
('ORD10529', 'CUST5356', 'PROD106', '0000-00-00', 'Cancelled', 'Credit Card', 2),
('ORD10530', 'CUST4338', 'PROD110', '0000-00-00', 'Delivered', 'Cash on Delivery', 1),
('ORD10531', 'CUST5427', 'PROD101', '0000-00-00', 'Pending', 'Credit Card', 5),
('ORD10532', 'CUST1332', 'PROD113', '0000-00-00', 'Delivered', 'Credit Card', 4),
('ORD10533', 'CUST3940', 'PROD101', '0000-00-00', 'Pending', 'Cash on Delivery', 5),
('ORD10534', 'CUST2137', 'PROD100', '0000-00-00', 'Delivered', 'Cash on Delivery', 2),
('ORD10535', 'CUST2896', 'PROD113', '0000-00-00', 'Pending', 'PayPal', 1),
('ORD10536', 'CUST3610', 'PROD103', '0000-00-00', 'Cancelled', 'Cash on Delivery', 4),
('ORD10537', 'CUST5478', 'PROD114', '0000-00-00', 'Shipped', 'Cash on Delivery', 3),
('ORD10538', 'CUST1033', 'PROD102', '0000-00-00', 'Returned', 'Cash on Delivery', 4),
('ORD10539', 'CUST4858', 'PROD104', '0000-00-00', 'Shipped', 'Credit Card', 5),
('ORD10540', 'CUST1064', 'PROD108', '0000-00-00', 'Pending', 'Cash on Delivery', 5),
('ORD10541', 'CUST4237', 'PROD100', '0000-00-00', 'Returned', 'Cash on Delivery', 3),
('ORD10542', 'CUST3262', 'PROD106', '0000-00-00', 'Pending', 'Credit Card', 2),
('ORD10543', 'CUST2712', 'PROD107', '0000-00-00', 'Cancelled', 'Cash on Delivery', 4),
('ORD10544', 'CUST4085', 'PROD102', '0000-00-00', 'Pending', 'Credit Card', 1);

-- --------------------------------------------------------

--
-- Struktur dari tabel `product`
--

CREATE TABLE `product` (
  `product_id` varchar(20) NOT NULL,
  `product_name` varchar(100) DEFAULT NULL,
  `category` varchar(50) DEFAULT NULL,
  `unit_price` decimal(10,2) DEFAULT NULL
) ENGINE=InnoDB DEFAULT CHARSET=utf8mb4 COLLATE=utf8mb4_general_ci;

--
-- Dumping data untuk tabel `product`
--

INSERT INTO `product` (`product_id`, `product_name`, `category`, `unit_price`) VALUES
('PROD100', 'iPhone 14', 'Electronics', 999.00),
('PROD101', 'Samsung Galaxy S23', 'Electronics', 899.00),
('PROD102', 'Sony Headphones', 'Electronics', 199.00),
('PROD103', 'Levi\'s Jeans', 'Apparel', 59.00),
('PROD104', 'Nike Air Max', 'Apparel', 120.00),
('PROD105', 'Adidas Running Shoes', 'Apparel', 110.00),
('PROD106', 'Instant Pot', 'Home & Kitchen', 99.00),
('PROD107', 'Dyson Vacuum', 'Home & Kitchen', 399.00),
('PROD108', 'Fitbit Versa 3', 'Electronics', 229.00),
('PROD109', 'Kindle Paperwhite', 'Books', 129.00),
('PROD110', 'Harry Potter Box Set', 'Books', 80.00),
('PROD111', 'Lego Star Wars Set', 'Toys', 59.00),
('PROD112', 'Barbie Dreamhouse', 'Toys', 199.00),
('PROD113', 'Wilson Tennis Racket', 'Sports', 149.00),
('PROD114', 'Yoga Mat', 'Sports', 25.00),
('product_id (PK)', 'product_name ', 'category ', 0.00);

-- --------------------------------------------------------

--
-- Struktur dari tabel `review`
--

CREATE TABLE `review` (
  `review_id` varchar(20) NOT NULL,
  `order_id` varchar(20) DEFAULT NULL,
  `rating` int(11) DEFAULT NULL,
  `review_text` text DEFAULT NULL,
  `review_date` date DEFAULT NULL
) ENGINE=InnoDB DEFAULT CHARSET=utf8mb4 COLLATE=utf8mb4_general_ci;

--
-- Dumping data untuk tabel `review`
--

INSERT INTO `review` (`review_id`, `order_id`, `rating`, `review_text`, `review_date`) VALUES
('REV20000', 'ORD10000', 2, 'good', '0000-00-00'),
('REV20001', 'ORD10001', 2, 'average', '0000-00-00'),
('REV20002', 'ORD10002', 5, 'good', '0000-00-00'),
('REV20003', 'ORD10003', 2, 'very good', '0000-00-00'),
('REV20004', 'ORD10004', 1, 'very good', '0000-00-00'),
('REV20005', 'ORD10005', 3, 'very good', '0000-00-00'),
('REV20006', 'ORD10006', 4, 'very good', '0000-00-00'),
('REV20007', 'ORD10007', 1, 'very good', '0000-00-00'),
('REV20008', 'ORD10008', 3, 'bad', '0000-00-00'),
('REV20009', 'ORD10009', 5, 'very good', '0000-00-00'),
('REV20010', 'ORD10010', 2, 'very good', '0000-00-00'),
('REV20011', 'ORD10011', 4, 'good', '0000-00-00'),
('REV20012', 'ORD10012', 1, 'very bad', '0000-00-00'),
('REV20013', 'ORD10013', 1, 'very good', '0000-00-00'),
('REV20014', 'ORD10014', 3, 'very bad', '0000-00-00'),
('REV20015', 'ORD10015', 3, 'bad', '0000-00-00'),
('REV20016', 'ORD10016', 1, 'good', '0000-00-00'),
('REV20017', 'ORD10017', 2, 'good', '0000-00-00'),
('REV20018', 'ORD10018', 1, 'very bad', '0000-00-00'),
('REV20019', 'ORD10019', 4, 'bad', '0000-00-00'),
('REV20020', 'ORD10020', 4, 'bad', '0000-00-00'),
('REV20021', 'ORD10021', 1, 'bad', '0000-00-00'),
('REV20022', 'ORD10022', 1, 'average', '0000-00-00'),
('REV20023', 'ORD10023', 1, 'good', '0000-00-00'),
('REV20024', 'ORD10024', 5, 'very bad', '0000-00-00'),
('REV20025', 'ORD10025', 2, 'average', '0000-00-00'),
('REV20026', 'ORD10026', 4, 'average', '0000-00-00'),
('REV20027', 'ORD10027', 4, 'good', '0000-00-00'),
('REV20028', 'ORD10028', 2, 'very good', '0000-00-00'),
('REV20029', 'ORD10029', 5, 'very good', '0000-00-00'),
('REV20030', 'ORD10030', 2, 'very bad', '0000-00-00'),
('REV20031', 'ORD10031', 4, 'bad', '0000-00-00'),
('REV20032', 'ORD10032', 1, 'very good', '0000-00-00'),
('REV20033', 'ORD10033', 5, 'very bad', '0000-00-00'),
('REV20034', 'ORD10034', 3, 'good', '0000-00-00'),
('REV20035', 'ORD10035', 5, 'average', '0000-00-00'),
('REV20036', 'ORD10036', 3, 'good', '0000-00-00'),
('REV20037', 'ORD10037', 1, 'bad', '0000-00-00'),
('REV20038', 'ORD10038', 2, 'very good', '0000-00-00'),
('REV20039', 'ORD10039', 1, 'good', '0000-00-00'),
('REV20040', 'ORD10040', 2, 'good', '0000-00-00'),
('REV20041', 'ORD10041', 4, 'very bad', '0000-00-00'),
('REV20042', 'ORD10042', 5, 'bad', '0000-00-00'),
('REV20043', 'ORD10043', 1, 'very good', '0000-00-00'),
('REV20044', 'ORD10044', 2, 'good', '0000-00-00'),
('REV20045', 'ORD10045', 1, 'average', '0000-00-00'),
('REV20046', 'ORD10046', 4, 'good', '0000-00-00'),
('REV20047', 'ORD10047', 1, 'average', '0000-00-00'),
('REV20048', 'ORD10048', 3, 'very good', '0000-00-00'),
('REV20049', 'ORD10049', 3, 'very bad', '0000-00-00'),
('REV20050', 'ORD10050', 4, 'bad', '0000-00-00'),
('REV20051', 'ORD10051', 3, 'good', '0000-00-00'),
('REV20052', 'ORD10052', 3, 'bad', '0000-00-00'),
('REV20053', 'ORD10053', 2, 'very bad', '0000-00-00'),
('REV20054', 'ORD10054', 3, 'bad', '0000-00-00'),
('REV20055', 'ORD10055', 3, 'good', '0000-00-00'),
('REV20056', 'ORD10056', 3, 'average', '0000-00-00'),
('REV20057', 'ORD10057', 3, 'very bad', '0000-00-00'),
('REV20058', 'ORD10058', 2, 'very bad', '0000-00-00'),
('REV20059', 'ORD10059', 3, 'very good', '0000-00-00'),
('REV20060', 'ORD10060', 1, 'very bad', '0000-00-00'),
('REV20061', 'ORD10061', 5, 'good', '0000-00-00'),
('REV20062', 'ORD10062', 5, 'very good', '0000-00-00'),
('REV20063', 'ORD10063', 1, 'bad', '0000-00-00'),
('REV20064', 'ORD10064', 2, 'very bad', '0000-00-00'),
('REV20065', 'ORD10065', 5, 'very good', '0000-00-00'),
('REV20066', 'ORD10066', 1, 'average', '0000-00-00'),
('REV20067', 'ORD10067', 2, 'very good', '0000-00-00'),
('REV20068', 'ORD10068', 1, 'good', '0000-00-00'),
('REV20069', 'ORD10069', 2, 'very good', '0000-00-00'),
('REV20070', 'ORD10070', 2, 'very good', '0000-00-00'),
('REV20071', 'ORD10071', 3, 'good', '0000-00-00'),
('REV20072', 'ORD10072', 3, 'bad', '0000-00-00'),
('REV20073', 'ORD10073', 1, 'bad', '0000-00-00'),
('REV20074', 'ORD10074', 4, 'very good', '0000-00-00'),
('REV20075', 'ORD10075', 1, 'good', '0000-00-00'),
('REV20076', 'ORD10076', 3, 'very bad', '0000-00-00'),
('REV20077', 'ORD10077', 5, 'average', '0000-00-00'),
('REV20078', 'ORD10078', 2, 'very good', '0000-00-00'),
('REV20079', 'ORD10079', 4, 'good', '0000-00-00'),
('REV20080', 'ORD10080', 5, 'very good', '0000-00-00'),
('REV20081', 'ORD10081', 4, 'average', '0000-00-00'),
('REV20082', 'ORD10082', 3, 'bad', '0000-00-00'),
('REV20083', 'ORD10083', 1, 'good', '0000-00-00'),
('REV20084', 'ORD10084', 1, 'very bad', '0000-00-00'),
('REV20085', 'ORD10085', 1, 'good', '0000-00-00'),
('REV20086', 'ORD10086', 3, 'good', '0000-00-00'),
('REV20087', 'ORD10087', 2, 'average', '0000-00-00'),
('REV20088', 'ORD10088', 3, 'good', '0000-00-00'),
('REV20089', 'ORD10089', 5, 'bad', '0000-00-00'),
('REV20090', 'ORD10090', 5, 'very good', '0000-00-00'),
('REV20091', 'ORD10091', 5, 'very good', '0000-00-00'),
('REV20092', 'ORD10092', 2, 'good', '0000-00-00'),
('REV20093', 'ORD10093', 2, 'very good', '0000-00-00'),
('REV20094', 'ORD10094', 2, 'bad', '0000-00-00'),
('REV20095', 'ORD10095', 5, 'average', '0000-00-00'),
('REV20096', 'ORD10096', 4, 'average', '0000-00-00'),
('REV20097', 'ORD10097', 4, 'bad', '0000-00-00'),
('REV20098', 'ORD10098', 5, 'very good', '0000-00-00'),
('REV20099', 'ORD10099', 3, 'bad', '0000-00-00'),
('REV20100', 'ORD10100', 4, 'bad', '0000-00-00'),
('REV20101', 'ORD10101', 5, 'bad', '0000-00-00'),
('REV20102', 'ORD10102', 1, 'average', '0000-00-00'),
('REV20103', 'ORD10103', 1, 'average', '0000-00-00'),
('REV20104', 'ORD10104', 2, 'very bad', '0000-00-00'),
('REV20105', 'ORD10105', 2, 'bad', '0000-00-00'),
('REV20106', 'ORD10106', 5, 'bad', '0000-00-00'),
('REV20107', 'ORD10107', 5, 'bad', '0000-00-00'),
('REV20108', 'ORD10108', 4, 'very bad', '0000-00-00'),
('REV20109', 'ORD10109', 1, 'good', '0000-00-00'),
('REV20110', 'ORD10110', 2, 'very good', '0000-00-00'),
('REV20111', 'ORD10111', 1, 'very good', '0000-00-00'),
('REV20112', 'ORD10112', 5, 'bad', '0000-00-00'),
('REV20113', 'ORD10113', 2, 'good', '0000-00-00'),
('REV20114', 'ORD10114', 2, 'very good', '0000-00-00'),
('REV20115', 'ORD10115', 2, 'good', '0000-00-00'),
('REV20116', 'ORD10116', 1, 'bad', '0000-00-00'),
('REV20117', 'ORD10117', 1, 'good', '0000-00-00'),
('REV20118', 'ORD10118', 5, 'average', '0000-00-00'),
('REV20119', 'ORD10119', 3, 'very bad', '0000-00-00'),
('REV20120', 'ORD10120', 1, 'very bad', '0000-00-00'),
('REV20121', 'ORD10121', 5, 'bad', '0000-00-00'),
('REV20122', 'ORD10122', 1, 'very good', '0000-00-00'),
('REV20123', 'ORD10123', 3, 'very good', '0000-00-00'),
('REV20124', 'ORD10124', 2, 'average', '0000-00-00'),
('REV20125', 'ORD10125', 5, 'good', '0000-00-00'),
('REV20126', 'ORD10126', 2, 'very bad', '0000-00-00'),
('REV20127', 'ORD10127', 5, 'very good', '0000-00-00'),
('REV20128', 'ORD10128', 4, 'bad', '0000-00-00'),
('REV20129', 'ORD10129', 5, 'good', '0000-00-00'),
('REV20130', 'ORD10130', 1, 'very bad', '0000-00-00'),
('REV20131', 'ORD10131', 4, 'very good', '0000-00-00'),
('REV20132', 'ORD10132', 5, 'good', '0000-00-00'),
('REV20133', 'ORD10133', 4, 'very good', '0000-00-00'),
('REV20134', 'ORD10134', 4, 'very good', '0000-00-00'),
('REV20135', 'ORD10135', 5, 'good', '0000-00-00'),
('REV20136', 'ORD10136', 5, 'average', '0000-00-00'),
('REV20137', 'ORD10137', 1, 'bad', '0000-00-00'),
('REV20138', 'ORD10138', 4, 'very good', '0000-00-00'),
('REV20139', 'ORD10139', 5, 'average', '0000-00-00'),
('REV20140', 'ORD10140', 3, 'bad', '0000-00-00'),
('REV20141', 'ORD10141', 2, 'very good', '0000-00-00'),
('REV20142', 'ORD10142', 4, 'bad', '0000-00-00'),
('REV20143', 'ORD10143', 4, 'average', '0000-00-00'),
('REV20144', 'ORD10144', 3, 'very bad', '0000-00-00'),
('REV20145', 'ORD10145', 2, 'good', '0000-00-00'),
('REV20146', 'ORD10146', 2, 'average', '0000-00-00'),
('REV20147', 'ORD10147', 2, 'average', '0000-00-00'),
('REV20148', 'ORD10148', 5, 'good', '0000-00-00'),
('REV20149', 'ORD10149', 1, 'good', '0000-00-00'),
('REV20150', 'ORD10150', 1, 'good', '0000-00-00'),
('REV20151', 'ORD10151', 5, 'very good', '0000-00-00'),
('REV20152', 'ORD10152', 4, 'very bad', '0000-00-00'),
('REV20153', 'ORD10153', 4, 'bad', '0000-00-00'),
('REV20154', 'ORD10154', 1, 'good', '0000-00-00'),
('REV20155', 'ORD10155', 3, 'very good', '0000-00-00'),
('REV20156', 'ORD10156', 4, 'average', '0000-00-00'),
('REV20157', 'ORD10157', 2, 'very good', '0000-00-00'),
('REV20158', 'ORD10158', 4, 'very good', '0000-00-00'),
('REV20159', 'ORD10159', 2, 'good', '0000-00-00'),
('REV20160', 'ORD10160', 4, 'good', '0000-00-00'),
('REV20161', 'ORD10161', 3, 'very good', '0000-00-00'),
('REV20162', 'ORD10162', 4, 'very bad', '0000-00-00'),
('REV20163', 'ORD10163', 1, 'good', '0000-00-00'),
('REV20164', 'ORD10164', 3, 'good', '0000-00-00'),
('REV20165', 'ORD10165', 3, 'bad', '0000-00-00'),
('REV20166', 'ORD10166', 5, 'very bad', '0000-00-00'),
('REV20167', 'ORD10167', 3, 'very good', '0000-00-00'),
('REV20168', 'ORD10168', 2, 'very good', '0000-00-00'),
('REV20169', 'ORD10169', 3, 'average', '0000-00-00'),
('REV20170', 'ORD10170', 5, 'very good', '0000-00-00'),
('REV20171', 'ORD10171', 3, 'good', '0000-00-00'),
('REV20172', 'ORD10172', 3, 'good', '0000-00-00'),
('REV20173', 'ORD10173', 2, 'very bad', '0000-00-00'),
('REV20174', 'ORD10174', 4, 'very bad', '0000-00-00'),
('REV20175', 'ORD10175', 4, 'very good', '0000-00-00'),
('REV20176', 'ORD10176', 1, 'bad', '0000-00-00'),
('REV20177', 'ORD10177', 3, 'very good', '0000-00-00'),
('REV20178', 'ORD10178', 5, 'very good', '0000-00-00'),
('REV20179', 'ORD10179', 2, 'very good', '0000-00-00'),
('REV20180', 'ORD10180', 3, 'very bad', '0000-00-00'),
('REV20181', 'ORD10181', 4, 'very good', '0000-00-00'),
('REV20182', 'ORD10182', 1, 'very good', '0000-00-00'),
('REV20183', 'ORD10183', 4, 'very good', '0000-00-00'),
('REV20184', 'ORD10184', 4, 'average', '0000-00-00'),
('REV20185', 'ORD10185', 4, 'good', '0000-00-00'),
('REV20186', 'ORD10186', 4, 'very bad', '0000-00-00'),
('REV20187', 'ORD10187', 4, 'bad', '0000-00-00'),
('REV20188', 'ORD10188', 4, 'bad', '0000-00-00'),
('REV20189', 'ORD10189', 4, 'very good', '0000-00-00'),
('REV20190', 'ORD10190', 4, 'very bad', '0000-00-00'),
('REV20191', 'ORD10191', 5, 'good', '0000-00-00'),
('REV20192', 'ORD10192', 2, 'average', '0000-00-00'),
('REV20193', 'ORD10193', 5, 'very good', '0000-00-00'),
('REV20194', 'ORD10194', 5, 'bad', '0000-00-00'),
('REV20195', 'ORD10195', 5, 'bad', '0000-00-00'),
('REV20196', 'ORD10196', 4, 'average', '0000-00-00'),
('REV20197', 'ORD10197', 2, 'bad', '0000-00-00'),
('REV20198', 'ORD10198', 2, 'average', '0000-00-00'),
('REV20199', 'ORD10199', 2, 'average', '0000-00-00'),
('REV20200', 'ORD10200', 2, 'bad', '0000-00-00'),
('REV20201', 'ORD10201', 1, 'bad', '0000-00-00'),
('REV20202', 'ORD10202', 2, 'very bad', '0000-00-00'),
('REV20203', 'ORD10203', 2, 'good', '0000-00-00'),
('REV20204', 'ORD10204', 2, 'good', '0000-00-00'),
('REV20205', 'ORD10205', 2, 'very good', '0000-00-00'),
('REV20206', 'ORD10206', 5, 'very good', '0000-00-00'),
('REV20207', 'ORD10207', 4, 'bad', '0000-00-00'),
('REV20208', 'ORD10208', 1, 'very good', '0000-00-00'),
('REV20209', 'ORD10209', 1, 'very good', '0000-00-00'),
('REV20210', 'ORD10210', 4, 'very good', '0000-00-00'),
('REV20211', 'ORD10211', 4, 'good', '0000-00-00'),
('REV20212', 'ORD10212', 5, 'bad', '0000-00-00'),
('REV20213', 'ORD10213', 1, 'very bad', '0000-00-00'),
('REV20214', 'ORD10214', 4, 'bad', '0000-00-00'),
('REV20215', 'ORD10215', 1, 'bad', '0000-00-00'),
('REV20216', 'ORD10216', 3, 'very bad', '0000-00-00'),
('REV20217', 'ORD10217', 4, 'average', '0000-00-00'),
('REV20218', 'ORD10218', 4, 'bad', '0000-00-00'),
('REV20219', 'ORD10219', 3, 'average', '0000-00-00'),
('REV20220', 'ORD10220', 5, 'average', '0000-00-00'),
('REV20221', 'ORD10221', 2, 'bad', '0000-00-00'),
('REV20222', 'ORD10222', 5, 'good', '0000-00-00'),
('REV20223', 'ORD10223', 3, 'average', '0000-00-00'),
('REV20224', 'ORD10224', 1, 'good', '0000-00-00'),
('REV20225', 'ORD10225', 2, 'bad', '0000-00-00'),
('REV20226', 'ORD10226', 5, 'very good', '0000-00-00'),
('REV20227', 'ORD10227', 3, 'very bad', '0000-00-00'),
('REV20228', 'ORD10228', 2, 'bad', '0000-00-00'),
('REV20229', 'ORD10229', 1, 'average', '0000-00-00'),
('REV20230', 'ORD10230', 4, 'good', '0000-00-00'),
('REV20231', 'ORD10231', 1, 'bad', '0000-00-00'),
('REV20232', 'ORD10232', 3, 'very good', '0000-00-00'),
('REV20233', 'ORD10233', 2, 'bad', '0000-00-00'),
('REV20234', 'ORD10234', 4, 'good', '0000-00-00'),
('REV20235', 'ORD10235', 3, 'bad', '0000-00-00'),
('REV20236', 'ORD10236', 2, 'very bad', '0000-00-00'),
('REV20237', 'ORD10237', 3, 'good', '0000-00-00'),
('REV20238', 'ORD10238', 5, 'very good', '0000-00-00'),
('REV20239', 'ORD10239', 4, 'very bad', '0000-00-00'),
('REV20240', 'ORD10240', 4, 'bad', '0000-00-00'),
('REV20241', 'ORD10241', 4, 'very good', '0000-00-00'),
('REV20242', 'ORD10242', 2, 'very bad', '0000-00-00'),
('REV20243', 'ORD10243', 1, 'very bad', '0000-00-00'),
('REV20244', 'ORD10244', 4, 'very bad', '0000-00-00'),
('REV20245', 'ORD10245', 2, 'very bad', '0000-00-00'),
('REV20246', 'ORD10246', 4, 'very bad', '0000-00-00'),
('REV20247', 'ORD10247', 1, 'good', '0000-00-00'),
('REV20248', 'ORD10248', 5, 'very bad', '0000-00-00'),
('REV20249', 'ORD10249', 5, 'average', '0000-00-00'),
('REV20250', 'ORD10250', 4, 'good', '0000-00-00'),
('REV20251', 'ORD10251', 3, 'bad', '0000-00-00'),
('REV20252', 'ORD10252', 1, 'very good', '0000-00-00'),
('REV20253', 'ORD10253', 4, 'very bad', '0000-00-00'),
('REV20254', 'ORD10254', 2, 'very bad', '0000-00-00'),
('REV20255', 'ORD10255', 2, 'bad', '0000-00-00'),
('REV20256', 'ORD10256', 3, 'bad', '0000-00-00'),
('REV20257', 'ORD10257', 5, 'very good', '0000-00-00'),
('REV20258', 'ORD10258', 5, 'bad', '0000-00-00'),
('REV20259', 'ORD10259', 3, 'good', '0000-00-00'),
('REV20260', 'ORD10260', 5, 'very good', '0000-00-00'),
('REV20261', 'ORD10261', 1, 'average', '0000-00-00'),
('REV20262', 'ORD10262', 5, 'bad', '0000-00-00'),
('REV20263', 'ORD10263', 5, 'bad', '0000-00-00'),
('REV20264', 'ORD10264', 2, 'bad', '0000-00-00'),
('REV20265', 'ORD10265', 3, 'bad', '0000-00-00'),
('REV20266', 'ORD10266', 4, 'average', '0000-00-00'),
('REV20267', 'ORD10267', 1, 'average', '0000-00-00'),
('REV20268', 'ORD10268', 5, 'bad', '0000-00-00'),
('REV20269', 'ORD10269', 1, 'very bad', '0000-00-00'),
('REV20270', 'ORD10270', 3, 'very bad', '0000-00-00'),
('REV20271', 'ORD10271', 5, 'very good', '0000-00-00'),
('REV20272', 'ORD10272', 3, 'very good', '0000-00-00'),
('REV20273', 'ORD10273', 4, 'very good', '0000-00-00'),
('REV20274', 'ORD10274', 3, 'bad', '0000-00-00'),
('REV20275', 'ORD10275', 1, 'very bad', '0000-00-00'),
('REV20276', 'ORD10276', 3, 'average', '0000-00-00'),
('REV20277', 'ORD10277', 2, 'very good', '0000-00-00'),
('REV20278', 'ORD10278', 1, 'very good', '0000-00-00'),
('REV20279', 'ORD10279', 2, 'average', '0000-00-00'),
('REV20280', 'ORD10280', 2, 'very good', '0000-00-00'),
('REV20281', 'ORD10281', 4, 'very bad', '0000-00-00'),
('REV20282', 'ORD10282', 2, 'bad', '0000-00-00'),
('REV20283', 'ORD10283', 4, 'average', '0000-00-00'),
('REV20284', 'ORD10284', 3, 'average', '0000-00-00'),
('REV20285', 'ORD10285', 2, 'good', '0000-00-00'),
('REV20286', 'ORD10286', 3, 'very good', '0000-00-00'),
('REV20287', 'ORD10287', 1, 'very good', '0000-00-00'),
('REV20288', 'ORD10288', 2, 'average', '0000-00-00'),
('REV20289', 'ORD10289', 3, 'very good', '0000-00-00'),
('REV20290', 'ORD10290', 2, 'very bad', '0000-00-00'),
('REV20291', 'ORD10291', 5, 'average', '0000-00-00'),
('REV20292', 'ORD10292', 5, 'very bad', '0000-00-00'),
('REV20293', 'ORD10293', 4, 'very bad', '0000-00-00'),
('REV20294', 'ORD10294', 5, 'very bad', '0000-00-00'),
('REV20295', 'ORD10295', 5, 'average', '0000-00-00'),
('REV20296', 'ORD10296', 3, 'very good', '0000-00-00'),
('REV20297', 'ORD10297', 5, 'very bad', '0000-00-00'),
('REV20298', 'ORD10298', 1, 'good', '0000-00-00'),
('REV20299', 'ORD10299', 2, 'average', '0000-00-00'),
('REV20300', 'ORD10300', 5, 'very bad', '0000-00-00'),
('REV20301', 'ORD10301', 2, 'very bad', '0000-00-00'),
('REV20302', 'ORD10302', 2, 'very bad', '0000-00-00'),
('REV20303', 'ORD10303', 5, 'bad', '0000-00-00'),
('REV20304', 'ORD10304', 3, 'very bad', '0000-00-00'),
('REV20305', 'ORD10305', 2, 'bad', '0000-00-00'),
('REV20306', 'ORD10306', 2, 'average', '0000-00-00'),
('REV20307', 'ORD10307', 1, 'good', '0000-00-00'),
('REV20308', 'ORD10308', 1, 'average', '0000-00-00'),
('REV20309', 'ORD10309', 3, 'good', '0000-00-00'),
('REV20310', 'ORD10310', 1, 'average', '0000-00-00'),
('REV20311', 'ORD10311', 5, 'good', '0000-00-00'),
('REV20312', 'ORD10312', 1, 'bad', '0000-00-00'),
('REV20313', 'ORD10313', 4, 'bad', '0000-00-00'),
('REV20314', 'ORD10314', 5, 'very bad', '0000-00-00'),
('REV20315', 'ORD10315', 2, 'bad', '0000-00-00'),
('REV20316', 'ORD10316', 3, 'average', '0000-00-00'),
('REV20317', 'ORD10317', 4, 'bad', '0000-00-00'),
('REV20318', 'ORD10318', 5, 'bad', '0000-00-00'),
('REV20319', 'ORD10319', 2, 'good', '0000-00-00'),
('REV20320', 'ORD10320', 5, 'very good', '0000-00-00'),
('REV20321', 'ORD10321', 3, 'good', '0000-00-00'),
('REV20322', 'ORD10322', 1, 'very bad', '0000-00-00'),
('REV20323', 'ORD10323', 3, 'good', '0000-00-00'),
('REV20324', 'ORD10324', 4, 'average', '0000-00-00'),
('REV20325', 'ORD10325', 5, 'very good', '0000-00-00'),
('REV20326', 'ORD10326', 2, 'average', '0000-00-00'),
('REV20327', 'ORD10327', 1, 'very good', '0000-00-00'),
('REV20328', 'ORD10328', 3, 'very bad', '0000-00-00'),
('REV20329', 'ORD10329', 3, 'average', '0000-00-00'),
('REV20330', 'ORD10330', 2, 'average', '0000-00-00'),
('REV20331', 'ORD10331', 4, 'average', '0000-00-00'),
('REV20332', 'ORD10332', 5, 'good', '0000-00-00'),
('REV20333', 'ORD10333', 5, 'bad', '0000-00-00'),
('REV20334', 'ORD10334', 5, 'very good', '0000-00-00'),
('REV20335', 'ORD10335', 2, 'very good', '0000-00-00'),
('REV20336', 'ORD10336', 5, 'very good', '0000-00-00'),
('REV20337', 'ORD10337', 5, 'bad', '0000-00-00'),
('REV20338', 'ORD10338', 2, 'very good', '0000-00-00'),
('REV20339', 'ORD10339', 1, 'very bad', '0000-00-00'),
('REV20340', 'ORD10340', 1, 'very good', '0000-00-00'),
('REV20341', 'ORD10341', 5, 'very bad', '0000-00-00'),
('REV20342', 'ORD10342', 4, 'bad', '0000-00-00'),
('REV20343', 'ORD10343', 1, 'very bad', '0000-00-00'),
('REV20344', 'ORD10344', 5, 'good', '0000-00-00'),
('REV20345', 'ORD10345', 1, 'good', '0000-00-00'),
('REV20346', 'ORD10346', 2, 'very good', '0000-00-00'),
('REV20347', 'ORD10347', 1, 'very good', '0000-00-00'),
('REV20348', 'ORD10348', 3, 'bad', '0000-00-00'),
('REV20349', 'ORD10349', 3, 'bad', '0000-00-00'),
('REV20350', 'ORD10350', 2, 'very bad', '0000-00-00'),
('REV20351', 'ORD10351', 3, 'bad', '0000-00-00'),
('REV20352', 'ORD10352', 1, 'bad', '0000-00-00'),
('REV20353', 'ORD10353', 5, 'very bad', '0000-00-00'),
('REV20354', 'ORD10354', 1, 'good', '0000-00-00'),
('REV20355', 'ORD10355', 2, 'good', '0000-00-00'),
('REV20356', 'ORD10356', 4, 'good', '0000-00-00'),
('REV20357', 'ORD10357', 4, 'bad', '0000-00-00'),
('REV20358', 'ORD10358', 3, 'bad', '0000-00-00'),
('REV20359', 'ORD10359', 2, 'good', '0000-00-00'),
('REV20360', 'ORD10360', 2, 'average', '0000-00-00'),
('REV20361', 'ORD10361', 3, 'good', '0000-00-00'),
('REV20362', 'ORD10362', 5, 'bad', '0000-00-00'),
('REV20363', 'ORD10363', 2, 'very good', '0000-00-00'),
('REV20364', 'ORD10364', 3, 'very bad', '0000-00-00'),
('REV20365', 'ORD10365', 5, 'good', '0000-00-00'),
('REV20366', 'ORD10366', 4, 'bad', '0000-00-00'),
('REV20367', 'ORD10367', 4, 'good', '0000-00-00'),
('REV20368', 'ORD10368', 5, 'very good', '0000-00-00'),
('REV20369', 'ORD10369', 4, 'bad', '0000-00-00'),
('REV20370', 'ORD10370', 5, 'good', '0000-00-00'),
('REV20371', 'ORD10371', 1, 'average', '0000-00-00'),
('REV20372', 'ORD10372', 5, 'very bad', '0000-00-00'),
('REV20373', 'ORD10373', 1, 'good', '0000-00-00'),
('REV20374', 'ORD10374', 4, 'bad', '0000-00-00'),
('REV20375', 'ORD10375', 5, 'very good', '0000-00-00'),
('REV20376', 'ORD10376', 1, 'average', '0000-00-00'),
('REV20377', 'ORD10377', 3, 'very good', '0000-00-00'),
('REV20378', 'ORD10378', 3, 'average', '0000-00-00'),
('REV20379', 'ORD10379', 5, 'good', '0000-00-00'),
('REV20380', 'ORD10380', 2, 'bad', '0000-00-00'),
('REV20381', 'ORD10381', 3, 'very bad', '0000-00-00'),
('REV20382', 'ORD10382', 1, 'very bad', '0000-00-00'),
('REV20383', 'ORD10383', 1, 'bad', '0000-00-00'),
('REV20384', 'ORD10384', 4, 'very bad', '0000-00-00'),
('REV20385', 'ORD10385', 2, 'very good', '0000-00-00'),
('REV20386', 'ORD10386', 1, 'average', '0000-00-00'),
('REV20387', 'ORD10387', 2, 'very bad', '0000-00-00'),
('REV20388', 'ORD10388', 2, 'very good', '0000-00-00'),
('REV20389', 'ORD10389', 2, 'very bad', '0000-00-00'),
('REV20390', 'ORD10390', 4, 'average', '0000-00-00'),
('REV20391', 'ORD10391', 5, 'very good', '0000-00-00'),
('REV20392', 'ORD10392', 5, 'very bad', '0000-00-00'),
('REV20393', 'ORD10393', 4, 'bad', '0000-00-00'),
('REV20394', 'ORD10394', 5, 'average', '0000-00-00'),
('REV20395', 'ORD10395', 1, 'very bad', '0000-00-00'),
('REV20396', 'ORD10396', 4, 'good', '0000-00-00'),
('REV20397', 'ORD10397', 2, 'good', '0000-00-00'),
('REV20398', 'ORD10398', 3, 'very bad', '0000-00-00'),
('REV20399', 'ORD10399', 1, 'good', '0000-00-00'),
('REV20400', 'ORD10400', 1, 'good', '0000-00-00'),
('REV20401', 'ORD10401', 2, 'bad', '0000-00-00'),
('REV20402', 'ORD10402', 1, 'very bad', '0000-00-00'),
('REV20403', 'ORD10403', 2, 'good', '0000-00-00'),
('REV20404', 'ORD10404', 1, 'bad', '0000-00-00'),
('REV20405', 'ORD10405', 4, 'very good', '0000-00-00'),
('REV20406', 'ORD10406', 4, 'average', '0000-00-00'),
('REV20407', 'ORD10407', 2, 'bad', '0000-00-00'),
('REV20408', 'ORD10408', 3, 'good', '0000-00-00'),
('REV20409', 'ORD10409', 3, 'average', '0000-00-00'),
('REV20410', 'ORD10410', 4, 'very bad', '0000-00-00'),
('REV20411', 'ORD10411', 1, 'good', '0000-00-00'),
('REV20412', 'ORD10412', 5, 'bad', '0000-00-00'),
('REV20413', 'ORD10413', 5, 'good', '0000-00-00'),
('REV20414', 'ORD10414', 4, 'good', '0000-00-00'),
('REV20415', 'ORD10415', 1, 'very bad', '0000-00-00'),
('REV20416', 'ORD10416', 3, 'average', '0000-00-00'),
('REV20417', 'ORD10417', 1, 'average', '0000-00-00'),
('REV20418', 'ORD10418', 2, 'bad', '0000-00-00'),
('REV20419', 'ORD10419', 1, 'good', '0000-00-00'),
('REV20420', 'ORD10420', 2, 'very bad', '0000-00-00'),
('REV20421', 'ORD10421', 2, 'bad', '0000-00-00'),
('REV20422', 'ORD10422', 4, 'average', '0000-00-00'),
('REV20423', 'ORD10423', 2, 'very bad', '0000-00-00'),
('REV20424', 'ORD10424', 5, 'good', '0000-00-00'),
('REV20425', 'ORD10425', 2, 'average', '0000-00-00'),
('REV20426', 'ORD10426', 5, 'very good', '0000-00-00'),
('REV20427', 'ORD10427', 3, 'good', '0000-00-00'),
('REV20428', 'ORD10428', 3, 'average', '0000-00-00'),
('REV20429', 'ORD10429', 4, 'bad', '0000-00-00'),
('REV20430', 'ORD10430', 5, 'bad', '0000-00-00'),
('REV20431', 'ORD10431', 4, 'good', '0000-00-00'),
('REV20432', 'ORD10432', 1, 'very good', '0000-00-00'),
('REV20433', 'ORD10433', 5, 'very bad', '0000-00-00'),
('REV20434', 'ORD10434', 5, 'bad', '0000-00-00'),
('REV20435', 'ORD10435', 5, 'bad', '0000-00-00'),
('REV20436', 'ORD10436', 1, 'bad', '0000-00-00'),
('REV20437', 'ORD10437', 5, 'average', '0000-00-00'),
('REV20438', 'ORD10438', 4, 'bad', '0000-00-00'),
('REV20439', 'ORD10439', 5, 'good', '0000-00-00'),
('REV20440', 'ORD10440', 5, 'good', '0000-00-00'),
('REV20441', 'ORD10441', 1, 'very bad', '0000-00-00'),
('REV20442', 'ORD10442', 1, 'good', '0000-00-00'),
('REV20443', 'ORD10443', 1, 'good', '0000-00-00'),
('REV20444', 'ORD10444', 3, 'average', '0000-00-00'),
('REV20445', 'ORD10445', 4, 'very good', '0000-00-00'),
('REV20446', 'ORD10446', 4, 'bad', '0000-00-00'),
('REV20447', 'ORD10447', 1, 'average', '0000-00-00'),
('REV20448', 'ORD10448', 1, 'average', '0000-00-00'),
('REV20449', 'ORD10449', 1, 'bad', '0000-00-00'),
('REV20450', 'ORD10450', 2, 'average', '0000-00-00'),
('REV20451', 'ORD10451', 3, 'bad', '0000-00-00'),
('REV20452', 'ORD10452', 4, 'average', '0000-00-00'),
('REV20453', 'ORD10453', 3, 'very good', '0000-00-00'),
('REV20454', 'ORD10454', 2, 'very good', '0000-00-00'),
('REV20455', 'ORD10455', 2, 'very good', '0000-00-00'),
('REV20456', 'ORD10456', 4, 'very bad', '0000-00-00'),
('REV20457', 'ORD10457', 4, 'average', '0000-00-00'),
('REV20458', 'ORD10458', 4, 'good', '0000-00-00'),
('REV20459', 'ORD10459', 2, 'very bad', '0000-00-00'),
('REV20460', 'ORD10460', 4, 'very bad', '0000-00-00'),
('REV20461', 'ORD10461', 3, 'very bad', '0000-00-00'),
('REV20462', 'ORD10462', 1, 'very good', '0000-00-00'),
('REV20463', 'ORD10463', 1, 'average', '0000-00-00'),
('REV20464', 'ORD10464', 2, 'very bad', '0000-00-00'),
('REV20465', 'ORD10465', 2, 'good', '0000-00-00'),
('REV20466', 'ORD10466', 5, 'very good', '0000-00-00'),
('REV20467', 'ORD10467', 4, 'very bad', '0000-00-00'),
('REV20468', 'ORD10468', 4, 'very good', '0000-00-00'),
('REV20469', 'ORD10469', 1, 'very bad', '0000-00-00'),
('REV20470', 'ORD10470', 2, 'bad', '0000-00-00'),
('REV20471', 'ORD10471', 3, 'bad', '0000-00-00'),
('REV20472', 'ORD10472', 3, 'good', '0000-00-00'),
('REV20473', 'ORD10473', 4, 'average', '0000-00-00'),
('REV20474', 'ORD10474', 2, 'good', '0000-00-00'),
('REV20475', 'ORD10475', 4, 'good', '0000-00-00'),
('REV20476', 'ORD10476', 4, 'average', '0000-00-00'),
('REV20477', 'ORD10477', 5, 'bad', '0000-00-00'),
('REV20478', 'ORD10478', 3, 'very good', '0000-00-00'),
('REV20479', 'ORD10479', 5, 'bad', '0000-00-00'),
('REV20480', 'ORD10480', 2, 'very good', '0000-00-00'),
('REV20481', 'ORD10481', 4, 'very bad', '0000-00-00'),
('REV20482', 'ORD10482', 3, 'very bad', '0000-00-00'),
('REV20483', 'ORD10483', 5, 'very good', '0000-00-00'),
('REV20484', 'ORD10484', 2, 'average', '0000-00-00'),
('REV20485', 'ORD10485', 3, 'good', '0000-00-00'),
('REV20486', 'ORD10486', 1, 'good', '0000-00-00'),
('REV20487', 'ORD10487', 2, 'very bad', '0000-00-00'),
('REV20488', 'ORD10488', 4, 'good', '0000-00-00'),
('REV20489', 'ORD10489', 3, 'bad', '0000-00-00'),
('REV20490', 'ORD10490', 5, 'good', '0000-00-00'),
('REV20491', 'ORD10491', 2, 'very good', '0000-00-00'),
('REV20492', 'ORD10492', 2, 'very bad', '0000-00-00'),
('REV20493', 'ORD10493', 5, 'bad', '0000-00-00'),
('REV20494', 'ORD10494', 5, 'good', '0000-00-00'),
('REV20495', 'ORD10495', 4, 'bad', '0000-00-00'),
('REV20496', 'ORD10496', 5, 'very good', '0000-00-00'),
('REV20497', 'ORD10497', 1, 'good', '0000-00-00'),
('REV20498', 'ORD10498', 5, 'bad', '0000-00-00'),
('REV20499', 'ORD10499', 5, 'very bad', '0000-00-00'),
('REV20500', 'ORD10500', 2, 'bad', '0000-00-00'),
('REV20501', 'ORD10501', 4, 'very bad', '0000-00-00'),
('REV20502', 'ORD10502', 1, 'average', '0000-00-00'),
('REV20503', 'ORD10503', 4, 'good', '0000-00-00'),
('REV20504', 'ORD10504', 4, 'very good', '0000-00-00'),
('REV20505', 'ORD10505', 1, 'very bad', '0000-00-00'),
('REV20506', 'ORD10506', 5, 'very good', '0000-00-00'),
('REV20507', 'ORD10507', 4, 'good', '0000-00-00'),
('REV20508', 'ORD10508', 5, 'very bad', '0000-00-00'),
('REV20509', 'ORD10509', 2, 'good', '0000-00-00'),
('REV20510', 'ORD10510', 2, 'very bad', '0000-00-00'),
('REV20511', 'ORD10511', 3, 'good', '0000-00-00'),
('REV20512', 'ORD10512', 5, 'good', '0000-00-00'),
('REV20513', 'ORD10513', 2, 'very bad', '0000-00-00'),
('REV20514', 'ORD10514', 1, 'very good', '0000-00-00'),
('REV20515', 'ORD10515', 1, 'bad', '0000-00-00'),
('REV20516', 'ORD10516', 3, 'very good', '0000-00-00'),
('REV20517', 'ORD10517', 3, 'bad', '0000-00-00'),
('REV20518', 'ORD10518', 3, 'good', '0000-00-00'),
('REV20519', 'ORD10519', 4, 'very good', '0000-00-00'),
('REV20520', 'ORD10520', 3, 'very good', '0000-00-00'),
('REV20521', 'ORD10521', 2, 'very good', '0000-00-00'),
('REV20522', 'ORD10522', 5, 'very good', '0000-00-00'),
('REV20523', 'ORD10523', 4, 'very good', '0000-00-00'),
('REV20524', 'ORD10524', 5, 'good', '0000-00-00'),
('REV20525', 'ORD10525', 2, 'very bad', '0000-00-00'),
('REV20526', 'ORD10526', 5, 'average', '0000-00-00'),
('REV20527', 'ORD10527', 3, 'good', '0000-00-00'),
('REV20528', 'ORD10528', 5, 'bad', '0000-00-00'),
('REV20529', 'ORD10529', 4, 'very good', '0000-00-00'),
('REV20530', 'ORD10530', 3, 'very good', '0000-00-00'),
('REV20531', 'ORD10531', 4, 'good', '0000-00-00'),
('REV20532', 'ORD10532', 5, 'bad', '0000-00-00'),
('REV20533', 'ORD10533', 4, 'very bad', '0000-00-00'),
('REV20534', 'ORD10534', 5, 'very good', '0000-00-00'),
('REV20535', 'ORD10535', 3, 'very good', '0000-00-00'),
('REV20536', 'ORD10536', 1, 'very bad', '0000-00-00'),
('REV20537', 'ORD10537', 5, 'bad', '0000-00-00'),
('REV20538', 'ORD10538', 5, 'good', '0000-00-00'),
('REV20539', 'ORD10539', 3, 'very good', '0000-00-00'),
('REV20540', 'ORD10540', 1, 'average', '0000-00-00'),
('REV20541', 'ORD10541', 5, 'bad', '0000-00-00'),
('REV20542', 'ORD10542', 2, 'good', '0000-00-00'),
('REV20543', 'ORD10543', 5, 'very bad', '0000-00-00'),
('REV20544', 'ORD10544', 2, 'bad', '0000-00-00');

--
-- Indexes for dumped tables
--

--
-- Indeks untuk tabel `customer`
--
ALTER TABLE `customer`
  ADD PRIMARY KEY (`customer_id`);

--
-- Indeks untuk tabel `orders`
--
ALTER TABLE `orders`
  ADD PRIMARY KEY (`order_id`),
  ADD KEY `customer_id` (`customer_id`),
  ADD KEY `product_id` (`product_id`);

--
-- Indeks untuk tabel `product`
--
ALTER TABLE `product`
  ADD PRIMARY KEY (`product_id`);

--
-- Indeks untuk tabel `review`
--
ALTER TABLE `review`
  ADD PRIMARY KEY (`review_id`),
  ADD KEY `order_id` (`order_id`);

--
-- Ketidakleluasaan untuk tabel pelimpahan (Dumped Tables)
--

--
-- Ketidakleluasaan untuk tabel `orders`
--
ALTER TABLE `orders`
  ADD CONSTRAINT `orders_ibfk_1` FOREIGN KEY (`customer_id`) REFERENCES `customer` (`customer_id`),
  ADD CONSTRAINT `orders_ibfk_2` FOREIGN KEY (`product_id`) REFERENCES `product` (`product_id`);

--
-- Ketidakleluasaan untuk tabel `review`
--
ALTER TABLE `review`
  ADD CONSTRAINT `review_ibfk_1` FOREIGN KEY (`order_id`) REFERENCES `orders` (`order_id`);
COMMIT;

/*!40101 SET CHARACTER_SET_CLIENT=@OLD_CHARACTER_SET_CLIENT */;
/*!40101 SET CHARACTER_SET_RESULTS=@OLD_CHARACTER_SET_RESULTS */;
/*!40101 SET COLLATION_CONNECTION=@OLD_COLLATION_CONNECTION */;
